City_ID,City,Country,Date,Lat,Lng,Max Temp,Humidity,Cloudiness,Wind Speed
0,Avarua,CK,2022-01-26 19:25:54,-21.2078,-159.775,80.65,89,40,11.5
1,Viransehir,TR,2022-01-26 19:25:55,37.2353,39.7631,42.71,79,100,17.05
2,Taoudenni,ML,2022-01-26 19:21:09,22.6783,-3.9836,74.55,13,100,8.99
3,Sao Filipe,CV,2022-01-26 19:25:55,14.8961,-24.4956,77.49,61,37,14.38
4,Shahrud,IR,2022-01-26 19:25:55,36.4182,54.9763,36.01,45,66,2.95
5,Camacha,PT,2022-01-26 19:25:56,33.0833,-16.3333,56.62,72,40,9.22
6,Ribeira Grande,PT,2022-01-26 19:25:56,38.5167,-28.7,59.4,72,40,9.22
7,Ust-Maya,RU,2022-01-26 19:25:56,60.4167,134.5333,-19.98,100,98,2.04
8,Damghan,IR,2022-01-26 19:25:57,36.1683,54.348,40.69,36,69,6.8
9,Hobart,AU,2022-01-26 19:25:57,-42.8794,147.3294,60.66,82,75,8.05
10,Beringovskiy,RU,2022-01-26 19:25:57,63.05,179.3167,-7.2,100,100,2.62
11,Brindisi,IT,2022-01-26 19:25:58,40.5833,17.6667,50.36,79,83,12.1
12,Presidencia Roque Saenz Pena,AR,2022-01-26 19:25:58,-26.7852,-60.4388,92.91,47,60,15.12
13,Upernavik,GL,2022-01-26 19:25:58,72.7868,-56.1549,-5.28,67,42,9.06
14,Bredasdorp,ZA,2022-01-26 19:25:59,-34.5322,20.0403,67.32,73,100,11.5
15,Mataura,NZ,2022-01-26 19:25:59,-46.1927,168.8643,52.48,98,38,3.09
16,Naze,JP,2022-01-26 19:25:59,28.3667,129.4833,60.21,70,57,5.21
17,Esperance,AU,2022-01-26 19:26:00,-33.8667,121.9,62.44,86,66,8.72
18,Saskylakh,RU,2022-01-26 19:26:00,71.9167,114.0833,-2.97,87,84,6.38
19,Yulara,AU,2022-01-26 19:26:01,-25.2406,130.9889,78.64,65,99,2.3
20,Clyde River,CA,2022-01-26 19:26:01,70.4692,-68.5914,-7.37,84,100,37.98
21,New Norfolk,AU,2022-01-26 19:26:01,-42.7826,147.0587,60.3,74,100,1.7
22,Puerto Leguizamo,CO,2022-01-26 19:26:02,-0.1934,-74.7819,84.63,72,100,2.06
23,Baruun-Urt,MN,2022-01-26 19:26:02,46.6806,113.2792,-8.75,93,11,5.57
24,Lefka,CY,2022-01-26 19:26:02,35.1106,32.8506,41.88,73,66,6.73
25,Punta Arenas,CL,2022-01-26 19:24:10,-53.15,-70.9167,57.22,62,0,21.85
26,Hithadhoo,MV,2022-01-26 19:26:03,-0.6,73.0833,81.5,73,100,19.62
27,Arica,CL,2022-01-26 19:26:03,-18.475,-70.3042,80.15,53,0,14.97
28,Lorengau,PG,2022-01-26 19:26:03,-2.0226,147.2712,81.95,77,100,6.02
29,Rikitea,PF,2022-01-26 19:23:11,-23.1203,-134.9692,78.24,78,3,19.13
30,Ostrovnoy,RU,2022-01-26 19:26:04,68.0531,39.5131,9.01,90,4,15.48
31,Ushuaia,AR,2022-01-26 19:23:26,-54.8,-68.3,51.46,71,75,31.07
32,Kerema,PG,2022-01-26 19:23:11,-7.9631,145.7785,78.71,80,100,4.27
33,Georgetown,MY,2022-01-26 19:22:25,5.4112,100.3354,82.33,88,40,2.3
34,Novaya Igirma,RU,2022-01-26 19:26:05,57.1334,103.9112,-7.33,100,97,1.16
35,Lagoa,PT,2022-01-26 19:26:05,39.05,-27.9833,58.55,78,6,12.03
36,Mayya,RU,2022-01-26 19:26:05,61.7333,130.2811,-23.69,100,97,2.53
37,Wajima,JP,2022-01-26 19:26:06,37.4,136.9,40.59,58,89,16.51
38,Airai,TL,2022-01-26 19:26:06,-8.9266,125.4092,61.54,86,100,3.13
39,Hilo,US,2022-01-26 19:26:06,19.7297,-155.09,77.25,74,20,6.91
40,Atuona,PF,2022-01-26 19:26:07,-9.8,-139.0333,78.71,77,12,19.08
41,Albany,US,2022-01-26 19:26:07,42.6001,-73.9662,21.58,43,4,5.99
42,Codrington,AU,2022-01-26 19:26:07,-38.2667,141.9667,67.17,91,16,5.08
43,Ilulissat,GL,2022-01-26 19:26:08,69.2167,-51.1,17.62,73,75,16.11
44,Uglekamensk,RU,2022-01-26 19:26:08,43.2172,133.2303,6.49,95,15,3.85
45,Butaritari,KI,2022-01-26 19:26:08,3.0707,172.7902,80.64,81,74,13.42
46,Jamestown,US,2022-01-26 19:26:09,42.097,-79.2353,20.17,55,75,7.0
47,Zyryanka,RU,2022-01-26 19:26:09,65.75,150.85,-39.51,99,60,7.16
48,Russell,US,2022-01-26 19:27:09,32.3502,-85.1999,58.28,25,0,11.5
49,Port Alfred,ZA,2022-01-26 19:27:10,-33.5906,26.891,73.0,87,97,10.87
50,Rio Gallegos,AR,2022-01-26 19:27:10,-51.6226,-69.2181,64.45,36,0,23.02
51,Kommunar,RU,2022-01-26 19:27:10,59.6206,30.39,25.52,89,100,10.02
52,Lasa,IT,2022-01-26 19:27:11,46.6166,10.7002,44.06,67,2,6.08
53,Dingle,PH,2022-01-26 19:27:11,10.9995,122.6711,75.4,94,33,6.76
54,Bambous Virieux,MU,2022-01-26 19:27:11,-20.3428,57.7575,75.45,69,20,3.44
55,Nikolskoye,RU,2022-01-26 19:27:12,59.7035,30.7861,25.88,90,100,8.5
56,Chodavaram,IN,2022-01-26 19:27:12,17.8333,82.95,73.24,84,0,2.44
57,Piranshahr,IR,2022-01-26 19:27:12,36.701,45.1413,25.56,96,67,4.0
58,Bayan,CN,2022-01-26 19:27:13,46.0833,127.4,-3.55,99,100,4.25
59,Qaanaaq,GL,2022-01-26 19:27:13,77.484,-69.3632,-8.72,62,98,7.38
60,East London,ZA,2022-01-26 19:27:13,-33.0153,27.9116,74.7,88,100,6.51
61,Hermanus,ZA,2022-01-26 19:27:14,-34.4187,19.2345,66.79,82,100,12.71
62,Arraial Do Cabo,BR,2022-01-26 19:27:14,-22.9661,-42.0278,85.96,65,0,20.71
63,Norman Wells,CA,2022-01-26 19:27:14,65.282,-126.8329,14.04,73,75,4.61
64,Yellowknife,CA,2022-01-26 19:25:29,62.456,-114.3525,6.42,89,75,5.75
65,Kathu,TH,2022-01-26 19:27:15,7.9178,98.3332,78.62,75,16,13.4
66,Vila Franca Do Campo,PT,2022-01-26 19:27:15,37.7167,-25.4333,59.41,79,97,11.01
67,Vaini,TO,2022-01-26 19:27:16,-21.2,-175.2,78.96,89,20,2.3
68,Axim,GH,2022-01-26 19:27:16,4.8699,-2.2405,80.51,78,2,6.82
69,Ahipara,NZ,2022-01-26 19:27:17,-35.1667,173.1667,66.92,89,94,13.67
70,Hobyo,SO,2022-01-26 19:27:17,5.3505,48.5268,77.27,66,74,20.11
71,Barcelona,ES,2022-01-26 19:26:49,41.3888,2.159,54.86,69,0,4.0
72,Samarai,PG,2022-01-26 19:23:12,-10.6167,150.6667,81.82,80,100,6.29
73,Alta Floresta,BR,2022-01-26 19:22:55,-9.8756,-56.0861,89.42,58,40,3.44
74,Grajau,BR,2022-01-26 19:27:18,-5.8194,-46.1386,81.82,83,100,2.91
75,Lebu,CL,2022-01-26 19:27:18,-37.6167,-73.65,66.92,65,0,11.52
76,Ancud,CL,2022-01-26 19:27:18,-41.8697,-73.8203,81.23,55,0,6.2
77,Hasaki,JP,2022-01-26 19:27:19,35.7333,140.8333,30.6,74,15,5.12
78,Jiuquan,CN,2022-01-26 19:27:19,39.7432,98.5174,19.09,44,100,2.37
79,Bacungan,PH,2022-01-26 19:27:20,9.9106,118.7022,76.87,90,89,4.32
80,Saldanha,ZA,2022-01-26 19:27:20,-33.0117,17.9442,66.25,92,12,21.7
81,Kushikino,JP,2022-01-26 19:27:20,31.7167,130.2667,44.08,70,100,6.73
82,Isangel,VU,2022-01-26 19:27:21,-19.55,169.2667,78.75,89,32,6.6
83,Roberval,CA,2022-01-26 19:22:50,48.5168,-72.2324,-10.75,58,0,4.61
84,Lompoc,US,2022-01-26 19:27:21,34.6391,-120.4579,68.13,60,0,0.0
85,La Ronge,CA,2022-01-26 19:27:21,55.1001,-105.2842,23.25,74,100,13.8
86,Shenkursk,RU,2022-01-26 19:27:22,62.1091,42.896,-2.29,99,37,3.96
87,Champasak,LA,2022-01-26 19:27:22,14.75,106.0,67.5,60,66,2.33
88,Thompson,CA,2022-01-26 19:27:22,55.7435,-97.8558,6.96,72,75,12.66
89,Puerto Ayora,EC,2022-01-26 19:27:23,-0.7393,-90.3518,82.36,75,69,9.8
90,Souillac,MU,2022-01-26 19:27:23,-20.5167,57.5167,75.58,69,20,3.44
91,Busselton,AU,2022-01-26 19:27:23,-33.65,115.3333,57.94,88,16,11.25
92,Havoysund,NO,2022-01-26 19:28:24,70.9963,24.6622,29.28,82,100,13.42
93,Antofagasta,CL,2022-01-26 19:28:24,-23.65,-70.4,70.21,60,1,9.57
94,Matipo,BR,2022-01-26 19:28:24,-20.2839,-42.3411,75.78,78,33,7.47
95,Klyuchevsk,RU,2022-01-26 19:28:25,57.1216,60.9414,3.13,95,100,4.92
96,Muros,ES,2022-01-26 19:28:25,42.7762,-9.0603,53.24,71,0,9.69
97,Oranjemund,NA,2022-01-26 19:28:25,-28.55,16.4333,64.62,91,38,15.64
98,Kalmunai,LK,2022-01-26 19:28:26,7.4167,81.8167,73.99,72,67,3.13
99,Maturin,VE,2022-01-26 19:28:26,9.75,-63.1767,86.47,45,51,8.57
100,Boyolangu,ID,2022-01-26 19:28:26,-8.1181,111.8935,75.61,92,100,3.15
101,Luderitz,NA,2022-01-26 19:28:27,-26.6481,15.1594,75.42,56,5,23.49
102,Touros,BR,2022-01-26 19:28:27,-5.1989,-35.4608,86.9,65,10,14.83
103,Salalah,OM,2022-01-26 19:28:27,17.0151,54.0924,71.69,60,20,3.44
104,Panguna,PG,2022-01-26 19:28:28,-6.3164,155.4848,69.71,93,100,1.05
105,Saint-Joseph,RE,2022-01-26 19:28:28,-21.3667,55.6167,71.98,70,69,8.3
106,Grindavik,IS,2022-01-26 19:28:28,63.8424,-22.4338,30.15,100,40,3.44
107,Korla,CN,2022-01-26 19:28:29,41.7597,86.1469,23.4,63,0,1.95
108,Gafanha Da Encarnacao,PT,2022-01-26 19:28:29,40.6181,-8.733,55.78,70,6,6.15
109,Mantenopolis,BR,2022-01-26 19:28:29,-18.8625,-41.1228,75.94,80,88,8.21
110,Broome,US,2022-01-26 19:28:30,42.2506,-75.833,21.7,55,100,3.0
111,Klaksvik,FO,2022-01-26 19:28:30,62.2266,-6.589,36.52,99,100,29.95
112,Oksbol,DK,2022-01-26 19:28:30,55.6268,8.2876,44.71,93,100,21.32
113,Karpathos,GR,2022-01-26 19:28:31,35.507,27.2132,46.36,57,10,24.16
114,Strib,DK,2022-01-26 19:28:31,55.5402,9.7675,44.51,88,100,21.43
115,Qui Nhon,VN,2022-01-26 19:28:32,13.7667,109.2333,69.8,92,68,7.67
116,Abu Dhabi,AE,2022-01-26 19:28:32,24.4667,54.3667,68.02,89,9,1.99
117,Kadiri,IN,2022-01-26 19:28:32,14.1167,78.1667,71.46,76,90,7.14
118,Saint-Philippe,RE,2022-01-26 19:28:33,-21.3585,55.7679,72.99,71,80,8.68
119,Hun,LY,2022-01-26 19:28:33,29.1268,15.9477,48.06,44,3,7.2
120,Puerto Madryn,AR,2022-01-26 19:28:31,-42.7692,-65.0385,66.4,55,2,13.78
121,Bengkulu,ID,2022-01-26 19:28:33,-3.8004,102.2655,77.9,85,100,2.89
122,Karratha,AU,2022-01-26 19:28:34,-20.7377,116.8463,80.91,66,1,9.78
123,Henties Bay,NA,2022-01-26 19:28:34,-22.116,14.2845,66.85,85,79,4.81
124,Takoradi,GH,2022-01-26 19:28:34,4.8845,-1.7554,80.67,74,2,6.73
125,Saint George,US,2022-01-26 19:23:39,37.1041,-113.5841,50.47,38,0,4.0
126,Pevek,RU,2022-01-26 19:28:35,69.7008,170.3133,-35.25,99,42,3.51
127,Mantua,IT,2022-01-26 19:28:35,45.1667,10.7833,41.7,91,38,1.99
128,Bluff,NZ,2022-01-26 19:28:36,-46.6,168.3333,52.81,68,72,16.62
129,Port Angeles,US,2022-01-26 19:26:57,48.1181,-123.4307,43.41,86,0,4.61
130,Poum,NC,2022-01-26 19:28:36,-20.2333,164.0167,79.79,76,98,7.87
131,Yumen,CN,2022-01-26 19:28:36,40.2833,97.2,18.86,45,34,5.99
132,Nadadores,MX,2022-01-26 19:28:37,27.05,-101.6,53.24,81,100,4.12
133,Dikson,RU,2022-01-26 19:28:37,73.5069,80.5464,13.71,92,100,28.14
134,Svetlaya,RU,2022-01-26 19:28:38,46.5389,138.3297,14.29,80,100,7.38
135,Tura,IN,2022-01-26 19:28:38,25.5198,90.2201,54.41,90,58,2.8
136,Davila,PH,2022-01-26 19:28:38,18.4726,120.5763,77.31,87,91,18.25
137,Barrow,US,2022-01-26 19:28:38,71.2906,-156.7887,-11.18,70,0,17.27
138,Eureka,US,2022-01-26 19:29:39,40.8021,-124.1637,47.59,37,0,0.67
139,Leshukonskoye,RU,2022-01-26 19:29:39,64.8989,45.7622,-4.0,100,66,3.98
140,Waingapu,ID,2022-01-26 19:29:39,-9.6567,120.2641,79.2,85,100,11.3
141,Suez,EG,2022-01-26 19:29:40,29.9737,32.5263,48.67,65,17,14.81
142,Veraval,IN,2022-01-26 19:29:40,20.9,70.3667,64.9,38,0,12.5
143,Tomatlan,MX,2022-01-26 19:29:40,19.9333,-105.25,87.44,33,66,6.73
144,Road Town,VG,2022-01-26 19:29:41,18.4167,-64.6167,82.49,61,20,8.05
145,Pacific Grove,US,2022-01-26 19:29:41,36.6177,-121.9166,65.39,76,0,3.0
146,Broska,UA,2022-01-26 19:29:41,45.3733,28.783,34.3,89,98,12.5
147,Podhum,BA,2022-01-26 19:29:42,43.7231,17.0011,36.16,87,5,7.23
148,Kunda,IN,2022-01-26 19:29:42,25.7167,81.5167,49.69,73,5,5.93
149,Mahebourg,MU,2022-01-26 19:29:42,-20.4081,57.7,75.49,69,20,3.44
150,Panshi,CN,2022-01-26 19:29:43,42.9422,126.0561,-6.11,97,17,1.68
151,Batemans Bay,AU,2022-01-26 19:29:43,-35.7167,150.1833,67.91,91,6,4.85
152,Phek,IN,2022-01-26 19:29:44,25.6667,94.5,36.95,97,20,1.3
153,Vestmannaeyjar,IS,2022-01-26 19:29:44,63.4427,-20.2734,33.57,74,85,9.37
154,Sulangan,PH,2022-01-26 19:29:44,11.1373,123.7228,79.92,85,15,10.67
155,Jaque,PA,2022-01-26 19:29:45,7.5175,-78.1703,83.5,71,100,11.92
156,Finnsnes,NO,2022-01-26 19:29:45,69.2296,17.9811,26.35,89,100,4.07
157,Vilani,LV,2022-01-26 19:29:45,56.5525,26.9245,20.93,96,93,10.76
158,Severo-Kurilsk,RU,2022-01-26 19:29:45,50.6789,156.125,25.59,75,95,19.33
159,Hounde,BF,2022-01-26 19:29:46,11.5,-3.5167,81.39,11,93,2.86
160,Guarare,PA,2022-01-26 19:29:46,7.8167,-80.2833,89.17,54,100,9.91
161,Ereymentau,KZ,2022-01-26 19:29:46,51.6199,73.1033,0.45,95,74,8.21
162,Morehead,US,2022-01-26 19:29:47,37.2711,-87.1764,28.15,34,0,0.0
163,Whitianga,NZ,2022-01-26 19:29:47,-36.8333,175.7,66.02,78,81,9.01
164,Merzifon,TR,2022-01-26 19:29:47,40.8733,35.4631,20.66,93,75,2.3
165,Mehamn,NO,2022-01-26 19:29:48,71.0357,27.8492,28.58,88,98,17.34
166,Pangnirtung,CA,2022-01-26 19:29:48,66.1451,-65.7125,-14.8,76,75,2.3
167,Krasnyy Chikoy,RU,2022-01-26 19:29:48,50.3643,108.7512,-15.25,100,78,1.7
168,Washougal,US,2022-01-26 19:29:49,45.5826,-122.3534,47.32,69,0,17.27
169,Kapaa,US,2022-01-26 19:29:49,22.0752,-159.319,74.48,75,40,1.01
170,Rock Sound,BS,2022-01-26 19:29:49,24.9,-76.2,75.63,69,55,8.5
171,Manicore,BR,2022-01-26 19:29:50,-5.8092,-61.3003,74.19,98,100,2.24
172,Tsaratanana,MG,2022-01-26 19:29:50,-16.7833,47.65,70.88,90,100,4.83
173,Mount Darwin,ZW,2022-01-26 19:29:51,-16.7725,31.5838,65.77,96,97,2.08
174,Zambezi,ZM,2022-01-26 19:29:51,-13.5432,23.1047,65.59,97,100,5.95
175,Olot,ES,2022-01-26 19:29:51,42.181,2.4901,50.29,99,0,5.41
176,Nome,US,2022-01-26 19:29:52,64.5011,-165.4064,-18.33,69,0,0.0
177,Sept-Iles,CA,2022-01-26 19:29:01,50.2001,-66.3821,0.12,56,20,5.01
178,Carnarvon,AU,2022-01-26 19:29:52,-24.8667,113.6333,75.27,78,40,19.57
179,Cherskiy,RU,2022-01-26 19:29:52,68.75,161.3,-44.57,99,46,3.71
180,Evora,PT,2022-01-26 19:29:53,38.5667,-7.9,52.74,68,92,8.95
181,Hamada,JP,2022-01-26 19:29:53,34.8833,132.0833,39.0,65,100,1.54
182,Guilin,CN,2022-01-26 19:29:53,25.2819,110.2864,44.71,90,100,5.79
183,Svetlyy,RU,2022-01-26 19:29:54,54.675,20.1347,37.96,97,100,21.39
184,Sorland,NO,2022-01-26 19:29:54,67.667,12.6934,37.26,85,98,16.75
185,San Andres,CO,2022-01-26 19:29:54,12.5847,-81.7006,87.82,58,40,10.36
186,Thenzawl,IN,2022-01-26 19:30:55,23.3167,92.75,51.22,83,48,1.97
187,Canutama,BR,2022-01-26 19:30:55,-6.5339,-64.3831,80.08,79,100,0.2
188,Gweta,BW,2022-01-26 19:30:56,-20.1833,25.2333,69.31,81,100,10.58
189,Hirara,JP,2022-01-26 19:30:56,24.8,125.2833,69.71,70,46,15.97
190,Ixtapa,MX,2022-01-26 19:30:57,20.7,-105.2,76.23,65,100,5.75
191,Padang,ID,2022-01-26 19:30:57,-0.9492,100.3543,78.04,81,100,3.83
192,Quesnel,CA,2022-01-26 19:30:57,52.9999,-122.5029,16.3,92,40,3.44
193,Anadyr,RU,2022-01-26 19:30:58,64.75,177.4833,-23.3,95,100,2.42
194,Tavda,RU,2022-01-26 19:30:58,58.0425,65.2726,8.47,89,100,6.22
195,Port Hedland,AU,2022-01-26 19:30:58,-20.3167,118.5667,78.85,83,57,8.05
196,Tasiilaq,GL,2022-01-26 19:30:59,65.6145,-37.6368,15.96,68,100,0.43
197,Saint Anthony,US,2022-01-26 19:30:30,45.0205,-93.218,16.9,68,75,5.01
198,Churachandpur,IN,2022-01-26 19:30:59,24.3333,93.6667,49.77,96,80,1.1
199,Loandjili,CG,2022-01-26 19:30:59,-4.7561,11.8578,78.91,89,20,3.44
200,Port Macquarie,AU,2022-01-26 19:31:00,-31.4333,152.9167,64.89,69,81,1.79
201,Faanui,PF,2022-01-26 19:31:00,-16.4833,-151.75,80.85,76,100,16.44
202,Kysyl-Syr,RU,2022-01-26 19:31:00,63.8986,122.7617,-3.24,98,100,4.56
203,Sioux Lookout,CA,2022-01-26 19:31:01,50.1001,-91.917,8.98,78,100,16.11
204,Bethel,US,2022-01-26 19:30:20,41.3712,-73.414,27.57,41,0,1.01
205,Mandurah,AU,2022-01-26 19:31:01,-32.55,115.7,68.22,81,96,11.86
206,Baykit,RU,2022-01-26 19:26:14,61.67,96.37,-20.06,100,56,1.03
207,Asfi,MA,2022-01-26 19:31:02,32.2994,-9.2372,59.04,74,3,5.44
208,Bardiyah,LY,2022-01-26 19:31:02,31.7561,25.0865,49.53,53,6,15.43
209,Olafsvik,IS,2022-01-26 19:31:02,64.8945,-23.7142,35.56,60,100,11.03
210,Kieta,PG,2022-01-26 19:31:03,-6.2167,155.6333,79.29,83,100,3.76
211,Jieshi,CN,2022-01-26 19:31:03,22.8134,115.8257,65.95,90,75,13.04
212,Canada,ES,2022-01-26 19:26:12,38.6767,-0.8141,47.5,92,15,6.11
213,Nanortalik,GL,2022-01-26 19:31:04,60.1432,-45.2371,15.82,87,100,6.35
214,Castro,BR,2022-01-26 19:31:04,-24.7911,-50.0119,86.41,51,27,5.64
215,Flinders,AU,2022-01-26 19:31:04,-34.5833,150.8552,68.81,79,91,5.99
216,Santa Cruz,BO,2022-01-26 19:30:09,-17.8,-63.1667,92.66,52,40,20.71
217,Savinka,RU,2022-01-26 19:31:05,50.0785,47.0994,16.84,98,94,5.53
218,Victoria,HK,2022-01-26 19:28:07,22.2855,114.1577,67.24,92,100,5.01
219,Mar Del Plata,AR,2022-01-26 19:31:06,-38.0023,-57.5575,66.22,71,20,25.99
220,Erdenet,MN,2022-01-26 19:31:06,49.0333,104.0833,-9.54,98,6,3.53
221,Havelock,US,2022-01-26 19:29:21,34.8791,-76.9013,46.06,61,16,4.0
222,Harper,LR,2022-01-26 19:31:07,4.375,-7.7169,79.63,79,51,9.06
223,Dalaba,GN,2022-01-26 19:31:07,10.7,-12.25,68.25,15,100,3.29
224,Puerto Carreno,CO,2022-01-26 19:31:07,6.189,-67.4859,94.98,38,40,8.05
225,Lishui,CN,2022-01-26 19:31:08,28.4604,119.9103,50.05,97,100,3.62
226,Humberto De Campos,BR,2022-01-26 19:31:08,-2.5983,-43.4611,80.56,82,99,7.0
227,Media Luna,CU,2022-01-26 19:31:08,20.1419,-77.435,82.13,57,3,8.81
228,Rapar,IN,2022-01-26 19:31:09,23.5667,70.6333,61.39,36,0,6.89
229,Borgarnes,IS,2022-01-26 19:31:09,64.5383,-21.9206,30.25,95,99,0.96
230,Payo,ID,2022-01-26 19:31:09,-3.7508,103.6372,72.72,98,100,1.81
231,Ranong,TH,2022-01-26 19:31:10,9.9658,98.6348,76.01,86,36,3.47
232,Longyearbyen,SJ,2022-01-26 19:31:10,78.2186,15.6401,10.24,61,40,11.5
233,Yilan,TW,2022-01-26 19:32:11,24.757,121.753,67.82,99,0,3.74
234,Praia,CV,2022-01-26 19:32:11,14.9215,-23.5087,73.94,73,0,24.16
235,Japura,ID,2022-01-26 19:32:11,-0.3167,102.35,71.53,92,99,0.56
236,Tiksi,RU,2022-01-26 19:32:12,71.6872,128.8694,-2.54,91,10,17.69
237,Laguna,US,2022-01-26 19:32:12,38.421,-121.4238,66.02,63,0,1.99
238,Tuktoyaktuk,CA,2022-01-26 19:32:12,69.4541,-133.0374,-0.4,78,75,18.41
239,Shieli,KZ,2022-01-26 19:32:13,44.1667,66.75,27.43,79,3,4.94
240,Adre,TD,2022-01-26 19:32:13,13.4667,22.2,66.06,20,100,17.22
241,Batagay-Alyta,RU,2022-01-26 19:32:13,67.8006,130.4114,-2.16,94,100,2.71
242,Iquitos,PE,2022-01-26 19:32:14,-3.7481,-73.2472,84.24,74,75,3.44
243,San Patricio,US,2022-01-26 19:32:14,28.017,-97.5169,63.01,61,100,10.56
244,Puri,IN,2022-01-26 19:32:14,19.8,85.85,68.52,73,13,9.04
245,Cidreira,BR,2022-01-26 19:32:15,-30.1811,-50.2056,82.15,73,54,9.26
246,Vila Do Maio,CV,2022-01-26 19:32:15,15.1333,-23.2167,74.19,79,100,23.49
247,Byron Bay,AU,2022-01-26 19:32:15,-28.65,153.6167,71.87,78,18,7.02
248,Villarrica,PY,2022-01-26 19:32:16,-25.75,-56.4333,90.46,48,97,2.42
249,Kamaishi,JP,2022-01-26 19:32:16,39.2667,141.8833,34.29,77,21,6.49
250,Provideniya,RU,2022-01-26 19:32:16,64.3833,-173.3,-9.27,88,78,2.93
251,Kudahuvadhoo,MV,2022-01-26 19:32:17,2.6708,72.8944,80.65,65,100,13.04
252,Evensk,RU,2022-01-26 19:32:17,61.95,159.2333,3.06,94,100,7.85
253,Moerai,PF,2022-01-26 19:32:17,-22.4333,-151.3333,79.77,80,100,11.83
254,Magog,CA,2022-01-26 19:27:55,45.2668,-72.1491,4.3,51,96,9.22
255,Amapa,BR,2022-01-26 19:32:18,1.0,-52.0,77.61,93,100,2.95
256,Fortuna,US,2022-01-26 19:32:18,40.5982,-124.1573,47.32,81,0,0.0
257,Geraldton,AU,2022-01-26 19:31:11,-28.7667,114.6,70.21,78,0,13.8
258,Codajas,BR,2022-01-26 19:32:19,-3.8367,-62.0569,77.86,87,100,1.21
259,Ornskoldsvik,SE,2022-01-26 19:32:19,63.2909,18.7153,14.95,100,37,2.3
260,Yinchuan,CN,2022-01-26 19:32:20,38.4681,106.2731,24.48,43,89,5.97
261,Chuy,UY,2022-01-26 19:32:20,-33.6971,-53.4616,69.96,95,100,5.84
262,Port Elizabeth,ZA,2022-01-26 19:32:20,-33.918,25.5701,70.11,94,100,4.61
263,Pingliang,CN,2022-01-26 19:32:21,35.5392,106.6861,24.93,87,99,4.85
264,Lichuan,CN,2022-01-26 19:32:21,30.3,108.85,33.04,100,100,2.89
265,Port Keats,AU,2022-01-26 19:32:21,-14.25,129.55,81.97,78,100,11.74
266,Najran,SA,2022-01-26 19:32:22,17.4924,44.1277,59.65,23,2,2.53
267,Arruda Dos Vinhos,PT,2022-01-26 19:32:22,38.9841,-9.0775,56.03,70,82,6.93
268,Bisira,PA,2022-01-26 19:32:23,8.5196,-81.7115,67.89,62,96,6.55
269,Boddam,GB,2022-01-26 19:32:23,57.4667,-1.7833,53.38,79,100,22.15
270,Sakaiminato,JP,2022-01-26 19:32:23,35.55,133.2333,42.78,81,75,5.75
271,Vanimo,PG,2022-01-26 19:32:24,-2.6741,141.3028,77.58,90,100,1.01
272,Lukovetskiy,RU,2022-01-26 19:32:24,64.2956,41.9211,3.18,100,100,3.42
273,Kemijarvi,FI,2022-01-26 19:32:24,66.7131,27.4306,11.62,98,100,2.59
274,Shimoga,IN,2022-01-26 19:32:25,13.9167,75.5667,65.34,82,94,3.44
275,Launceston,AU,2022-01-26 19:33:25,-41.45,147.1667,65.8,85,100,1.99
276,Shevchenkove,UA,2022-01-26 19:33:25,49.6959,37.1735,19.18,99,93,2.93
277,Gao,ML,2022-01-26 19:33:26,16.6362,1.637,67.37,13,2,12.41
278,Washington,US,2022-01-26 19:29:43,47.5001,-120.5015,27.95,79,62,2.75
279,Shingu,JP,2022-01-26 19:33:26,33.7333,135.9833,39.69,78,100,7.27
280,Acajutla,SV,2022-01-26 19:33:27,13.5928,-89.8275,97.14,64,32,8.41
281,Broken Hill,AU,2022-01-26 19:33:27,-31.95,141.4333,82.11,47,100,9.22
282,Cascais,PT,2022-01-26 19:33:27,38.6979,-9.4215,57.06,58,0,7.0
283,Botou,CN,2022-01-26 19:33:28,38.0667,116.5667,25.47,63,98,5.64
284,Leningradskiy,RU,2022-01-26 19:33:28,69.3833,178.4167,-27.44,88,32,3.67
285,Khatanga,RU,2022-01-26 19:33:28,71.9667,102.5,-5.58,86,97,10.6
286,Bonoua,CI,2022-01-26 19:33:29,5.2741,-3.595,82.02,78,0,6.8
287,Brekstad,NO,2022-01-26 19:33:29,63.687,9.6654,41.0,87,75,21.85
288,Sabha,LY,2022-01-26 19:33:29,27.0377,14.4283,44.44,39,8,8.9
289,Torbay,CA,2022-01-26 19:33:30,47.6666,-52.7314,39.76,97,75,6.91
290,Kodiak,US,2022-01-26 19:33:16,57.79,-152.4072,33.31,86,100,10.36
291,Barcelos,PT,2022-01-26 19:33:30,41.5388,-8.6151,53.85,71,0,5.26
292,Fershampenuaz,RU,2022-01-26 19:33:31,53.5202,59.8117,8.2,95,87,11.27
293,Kahului,US,2022-01-26 19:33:31,20.8947,-156.47,76.84,67,20,5.75
294,Vila Velha,BR,2022-01-26 19:31:39,-20.3297,-40.2925,86.45,69,0,8.05
295,Sao Jose Da Coroa Grande,BR,2022-01-26 19:33:31,-8.8978,-35.1478,81.73,71,28,8.86
296,Cape Town,ZA,2022-01-26 19:32:12,-33.9258,18.4232,70.21,78,0,4.0
297,Itarema,BR,2022-01-26 19:33:32,-2.9248,-39.9167,82.04,72,100,15.19
298,Narsaq,GL,2022-01-26 19:33:32,60.9167,-46.05,16.02,86,58,8.28
299,Sesheke,ZM,2022-01-26 19:33:33,-17.4759,24.2968,66.63,97,100,5.23
300,Deputatskiy,RU,2022-01-26 19:33:33,69.3,139.9,-17.54,88,100,5.39
301,Lubao,PH,2022-01-26 19:33:33,14.9167,120.55,78.82,89,67,5.53
302,Hami,CN,2022-01-26 19:33:34,42.8,93.45,22.91,44,6,1.88
303,Ucar,AZ,2022-01-26 19:33:34,40.519,47.6542,32.18,84,13,6.08
304,Haines Junction,CA,2022-01-26 19:33:34,60.7522,-137.5108,10.35,85,100,1.14
305,College,US,2022-01-26 19:31:53,64.8569,-147.8028,1.06,77,75,0.0
306,Talnakh,RU,2022-01-26 19:33:35,69.4865,88.3972,2.21,96,100,17.25
307,Vardo,NO,2022-01-26 19:33:35,70.3705,31.1107,15.78,79,20,29.93
308,Half Moon Bay,US,2022-01-26 19:31:10,37.4636,-122.4286,63.9,78,20,4.61
309,Oktyabrskoye,RU,2022-01-26 19:33:36,43.0645,44.7417,24.94,93,95,4.47
310,Frontera,MX,2022-01-26 19:33:36,26.9333,-101.45,52.32,82,100,1.99
311,Gunjur,GM,2022-01-26 19:33:36,13.2019,-16.7339,82.47,36,0,3.44
312,Kazachinskoye,RU,2022-01-26 19:33:37,57.6953,93.2761,8.91,96,100,4.38
313,Buraydah,SA,2022-01-26 19:29:22,26.326,43.975,64.85,34,6,11.45
314,Lysychovo,UA,2022-01-26 19:33:37,48.4968,23.2899,19.83,97,99,1.41
315,Englehart,CA,2022-01-26 19:33:38,47.8169,-79.8664,-0.38,80,100,10.02
316,Ust-Nera,RU,2022-01-26 19:33:38,64.5667,143.2,-38.87,99,70,2.08
317,Planaltina,BR,2022-01-26 19:33:38,-15.4528,-47.6142,79.09,86,99,3.38
318,Chokurdakh,RU,2022-01-26 19:33:38,70.6333,147.9167,-29.02,98,33,11.23
319,Menongue,AO,2022-01-26 19:33:39,-14.6585,17.691,66.7,76,76,3.04
320,Sangre Grande,TT,2022-01-26 19:33:39,10.5835,-61.1177,86.05,61,6,8.66
321,Pedasi,PA,2022-01-26 19:34:39,7.5333,-80.0333,82.31,64,100,10.36
322,Guane,CU,2022-01-26 19:34:40,22.2025,-84.0875,85.14,54,2,10.8
323,Kaitangata,NZ,2022-01-26 19:34:40,-46.2817,169.8464,55.92,67,49,10.2
324,Crestview,US,2022-01-26 19:30:35,30.7621,-86.5705,60.24,44,0,7.0
325,Fuyu,CN,2022-01-26 19:34:41,45.1833,124.8167,-7.85,100,32,4.12
326,Pandan,PH,2022-01-26 19:34:41,14.0453,124.1694,77.52,90,92,9.35
327,Gat,IL,2022-01-26 19:34:41,31.61,34.7642,47.08,100,100,13.78
328,San Cristobal,VE,2022-01-26 19:34:42,7.7669,-72.225,78.98,49,100,0.16
329,Cayenne,GF,2022-01-26 19:30:50,4.9333,-52.3333,77.04,94,75,8.05
330,Yerbogachen,RU,2022-01-26 19:34:42,61.2767,108.0108,-18.67,100,89,3.98
331,Yar-Sale,RU,2022-01-26 19:34:43,66.8333,70.8333,3.38,95,98,11.56
332,Dali,CN,2022-01-26 19:34:43,25.7,100.1833,41.07,90,65,4.16
333,Sao Felix Do Xingu,BR,2022-01-26 19:33:54,-6.6447,-51.995,84.54,69,100,2.53
334,Bugyi,HU,2022-01-26 19:34:43,47.2275,19.1466,35.13,90,12,7.27
335,Bilibino,RU,2022-01-26 19:34:44,68.0546,166.4372,-35.16,96,26,3.87
336,Ponta Delgada,PT,2022-01-26 19:34:44,37.7333,-25.6667,59.72,67,40,12.66
337,Alofi,NU,2022-01-26 19:34:44,-19.0595,-169.9187,80.49,89,5,6.91
338,Nishihara,JP,2022-01-26 19:34:45,26.1842,127.7558,66.25,77,20,9.22
339,Miraflores,MX,2022-01-26 19:34:45,19.2167,-98.8083,69.03,30,0,6.53
340,Baijiantan,CN,2022-01-26 19:34:45,45.6333,85.1833,3.81,98,94,0.47
341,Tafresh,IR,2022-01-26 19:34:46,34.692,50.013,36.54,52,15,4.21
342,Puerto Penasco,MX,2022-01-26 19:34:46,31.3167,-113.5333,64.9,46,100,8.01
343,Conakry,GN,2022-01-26 19:34:46,9.538,-13.6773,82.47,78,60,13.8
344,Vallenar,CL,2022-01-26 19:34:47,-28.5708,-70.7581,86.23,30,0,10.29
345,Pangoa,PE,2022-01-26 19:34:47,-12.1167,-73.0,80.15,75,100,3.31
346,Kawalu,ID,2022-01-26 19:34:47,-7.3817,108.2082,73.49,96,100,1.59
347,Constitucion,CL,2022-01-26 19:34:48,-35.3333,-72.4167,67.37,71,18,11.25
348,Tezu,IN,2022-01-26 19:34:48,27.9167,96.1667,54.81,76,83,3.56
349,Waipawa,NZ,2022-01-26 19:34:49,-41.4122,175.5153,54.45,83,100,12.53
350,Ostersund,SE,2022-01-26 19:34:49,63.1792,14.6357,32.45,80,75,8.05
351,Oistins,BB,2022-01-26 19:31:32,13.0667,-59.5333,82.49,61,40,11.5
352,Cabatuan,PH,2022-01-26 19:34:49,10.8794,122.486,75.49,91,32,8.37
353,Sao Joao Da Barra,BR,2022-01-26 19:34:50,-21.6403,-41.0511,89.69,79,26,15.75
354,Husavik,IS,2022-01-26 19:34:50,66.0449,-17.3389,24.71,74,100,10.4
355,Dzhebariki-Khaya,RU,2022-01-26 19:34:50,62.2167,135.8,-43.78,100,77,0.43
356,Batangafo,CF,2022-01-26 19:34:51,7.3008,18.2833,77.63,19,67,5.12
357,Wagga Wagga,AU,2022-01-26 19:30:00,-35.1167,147.3667,68.41,68,17,13.8
358,Grand Gaube,MU,2022-01-26 19:34:51,-20.0064,57.6608,75.6,68,1,3.0
359,Luwuk,ID,2022-01-26 19:34:52,-0.9516,122.7875,77.52,88,100,1.92
360,Kontagora,NG,2022-01-26 19:34:52,10.3999,5.4695,78.39,15,0,4.94
361,Mairinque,BR,2022-01-26 19:34:52,-23.5458,-47.1833,85.53,71,16,4.92
362,Jizan,SA,2022-01-26 19:34:53,17.3333,42.6667,79.74,70,1,4.09
363,Sterling,US,2022-01-26 19:31:17,39.0062,-77.4286,34.99,43,20,10.0
364,Hualmay,PE,2022-01-26 19:34:53,-11.0964,-77.6139,75.38,72,52,11.03
365,Biga,TR,2022-01-26 19:34:53,40.2281,27.2422,30.18,81,25,6.29
366,Chokwe,MZ,2022-01-26 19:35:54,-24.5333,32.9833,75.88,92,100,5.88
367,Kavieng,PG,2022-01-26 19:35:54,-2.5744,150.7967,82.36,77,86,8.08
368,Sistranda,NO,2022-01-26 19:35:54,63.7256,8.834,40.89,75,100,28.7
369,Pulgaon,IN,2022-01-26 19:35:55,20.7333,78.3333,56.98,43,0,7.61
370,Bonavista,CA,2022-01-26 19:35:55,48.6499,-53.1147,38.12,96,100,9.53
371,Biltine,TD,2022-01-26 19:35:55,14.5333,20.9167,69.73,18,0,21.83
372,Sanary-Sur-Mer,FR,2022-01-26 19:31:57,43.1178,5.8001,46.36,76,0,3.0
373,Lavrentiya,RU,2022-01-26 19:35:56,65.5833,-171.0,-21.77,90,29,4.79
374,Chengde,CN,2022-01-26 19:35:56,40.9725,117.9361,14.45,67,12,4.14
375,Mount Gambier,AU,2022-01-26 19:31:38,-37.8333,140.7667,69.71,88,6,10.36
376,Zatoka,UA,2022-01-26 19:35:57,46.0725,30.4654,30.74,85,92,16.31
377,Sisimiut,GL,2022-01-26 19:35:57,66.9395,-53.6735,10.08,92,100,6.73
378,Port Hardy,CA,2022-01-26 19:35:57,50.6996,-127.4199,37.58,93,100,6.91
379,Port Shepstone,ZA,2022-01-26 19:35:58,-30.7414,30.455,75.97,88,85,12.08
380,Cabo San Lucas,MX,2022-01-26 19:32:03,22.8909,-109.9124,78.51,45,0,6.91
381,Leh,IN,2022-01-26 19:35:58,34.1667,77.5833,-5.04,89,99,3.0
382,Margate,GB,2022-01-26 19:35:58,51.3813,1.3862,42.75,79,8,3.0
383,Bolton,GB,2022-01-26 19:35:53,53.5833,-2.4333,47.25,79,100,3.0
384,Umarkhed,IN,2022-01-26 19:35:59,19.6,77.7,59.0,44,1,7.36
385,Kamen-Na-Obi,RU,2022-01-26 19:35:59,53.7884,81.3423,3.56,97,100,5.32
386,Puerto Escondido,MX,2022-01-26 19:35:59,15.85,-97.0667,84.33,55,2,7.83
387,Balabac,PH,2022-01-26 19:36:00,7.9868,117.0645,79.25,83,100,4.0
388,Vila,PT,2022-01-26 19:36:00,42.0304,-8.1588,40.08,66,1,5.46
389,Saint-Augustin,CA,2022-01-26 19:36:01,51.226,-58.6502,8.46,80,34,13.02
390,Ambilobe,MG,2022-01-26 19:36:01,-13.2,49.05,73.36,96,100,3.0
391,Chake Chake,TZ,2022-01-26 19:36:01,-5.2459,39.7666,78.44,74,100,12.53
392,Tilichiki,RU,2022-01-26 19:36:02,60.4667,166.1,8.35,95,100,9.93
393,Ponta Do Sol,PT,2022-01-26 19:36:02,32.6667,-17.1,59.72,66,84,9.15
394,Emmett,US,2022-01-26 19:35:57,43.8735,-116.4993,33.64,79,100,4.0
395,Iqaluit,CA,2022-01-26 19:34:54,63.7506,-68.5145,-18.67,69,100,2.3
396,Tramore,IE,2022-01-26 19:36:03,52.1624,-7.1524,49.03,76,100,5.99
397,Valparaiso,CL,2022-01-26 19:36:03,-33.0393,-71.6273,75.43,54,0,8.05
398,Wahpeton,US,2022-01-26 19:36:04,46.2652,-96.6059,26.82,80,0,14.97
399,Lazaro Cardenas,MX,2022-01-26 19:36:04,17.9583,-102.2,83.57,54,3,10.78
400,Nantucket,US,2022-01-26 19:36:04,41.2835,-70.0995,28.96,62,0,15.95
401,Sananduva,BR,2022-01-26 19:36:05,-27.9497,-51.8067,92.62,34,82,5.21
402,Sandnessjoen,NO,2022-01-26 19:36:05,66.0217,12.6316,39.18,91,75,1.01
403,Alugan,PH,2022-01-26 19:36:06,12.2188,125.4808,78.91,88,32,12.44
404,Malanje,AO,2022-01-26 19:36:06,-9.5402,16.341,64.62,95,100,3.74
405,Arlit,NE,2022-01-26 19:34:02,18.7369,7.3853,61.97,22,40,11.41
406,Katsuura,JP,2022-01-26 19:36:06,35.1333,140.3,39.31,82,74,9.01
407,Gornopravdinsk,RU,2022-01-26 19:36:07,60.05,69.9,2.84,97,99,5.08
408,Verkhnevilyuysk,RU,2022-01-26 19:36:07,63.4453,120.3167,-3.87,98,100,5.5
409,Roma,US,2022-01-26 19:36:03,43.2128,-75.4557,19.13,52,40,5.75
410,Ouadda,CF,2022-01-26 19:36:07,8.0777,22.4007,72.97,24,100,6.24
411,Xuddur,SO,2022-01-26 19:37:08,4.1213,43.8894,74.28,29,11,10.36
412,Sarangani,PH,2022-01-26 19:37:08,5.4033,125.4636,81.48,78,99,16.62
413,Nanfeng,CN,2022-01-26 19:37:08,23.7434,111.7959,65.12,90,100,2.33
414,Ilhabela,BR,2022-01-26 19:37:09,-23.7781,-45.3581,80.53,77,33,4.23
415,Constantine,DZ,2022-01-26 19:37:09,36.365,6.6147,45.81,61,0,0.0
416,Russko-Vysotskoye,RU,2022-01-26 19:37:10,59.6996,29.944,24.93,86,100,11.7
417,Hudson Bay,CA,2022-01-26 19:37:10,52.85,-102.3842,19.87,83,100,12.86
418,Griffith,US,2022-01-26 19:37:10,41.5284,-87.4237,12.31,54,0,4.0
419,Port Lincoln,AU,2022-01-26 19:37:11,-34.7333,135.8667,66.81,95,20,8.68
420,Les Cayes,HT,2022-01-26 19:37:11,18.2,-73.75,81.41,65,45,9.44
421,Bud,US,2022-01-26 19:37:12,39.447,-86.1758,22.75,49,0,2.53
422,Loiza,PR,2022-01-26 19:37:12,18.4313,-65.8802,84.69,57,20,13.8
423,Nyimba,ZM,2022-01-26 19:37:12,-14.5566,30.8149,68.18,97,100,3.31
424,Halifax,CA,2022-01-26 19:35:53,44.6453,-63.5724,30.99,63,75,3.0
425,Imeni Poliny Osipenko,RU,2022-01-26 19:37:13,52.4201,136.4853,-19.46,100,100,1.68
426,Mamontovo,RU,2022-01-26 19:37:13,52.7055,81.6244,4.93,96,98,8.08
427,Ambatondrazaka,MG,2022-01-26 19:37:14,-17.8333,48.4167,63.5,93,88,3.89
428,Chiclana,AR,2022-01-26 19:37:14,-35.7346,-61.7503,80.04,52,73,19.42
429,Aykhal,RU,2022-01-26 19:37:14,66.0,111.5,-9.87,87,79,6.17
430,Kirakira,SB,2022-01-26 19:37:15,-10.4544,161.9205,78.17,91,100,8.66
431,Egvekinot,RU,2022-01-26 19:37:15,66.3167,-179.1667,-24.86,84,8,3.78
432,Agadir,MA,2022-01-26 19:37:15,30.4202,-9.5982,64.85,68,51,3.96
433,Nkhotakota,MW,2022-01-26 19:37:16,-12.9274,34.2961,74.25,88,97,3.96
434,Almaznyy,RU,2022-01-26 19:37:16,48.0448,40.045,24.94,98,100,0.78
435,Homer,US,2022-01-26 19:35:15,59.6425,-151.5483,27.03,82,100,8.55
436,Makakilo City,US,2022-01-26 19:37:16,21.3469,-158.0858,77.2,67,0,5.75
437,Nabha,IN,2022-01-26 19:37:17,30.3747,76.1486,45.3,72,0,5.41
438,Nampa,US,2022-01-26 19:37:17,43.5407,-116.5635,30.85,83,100,4.61
439,Bandarbeyla,SO,2022-01-26 19:37:18,9.4942,50.8122,73.98,63,4,18.92
440,Ferkessedougou,CI,2022-01-26 19:37:18,9.6,-5.2,79.52,15,0,3.89
441,Los Llanos De Aridane,ES,2022-01-26 19:37:18,28.6585,-17.9182,59.13,71,40,3.0
442,Pindwara,IN,2022-01-26 19:37:19,24.8,73.0667,51.31,42,0,3.31
443,Platanos,GR,2022-01-26 19:37:19,37.6667,21.6167,41.09,48,0,4.74
444,Akhmeta,GE,2022-01-26 19:37:19,42.0311,45.2075,32.52,87,100,0.98
445,Igrim,RU,2022-01-26 19:37:20,63.1906,64.4162,6.31,95,98,5.84
446,Sambhal,IN,2022-01-26 19:37:20,28.5833,78.55,48.69,79,2,5.75
447,Kuminskiy,RU,2022-01-26 19:37:20,58.6667,66.5667,6.19,94,100,5.32
448,Odoyev,RU,2022-01-26 19:37:21,53.9393,36.6864,5.23,100,97,3.65
449,Sinazongwe,ZM,2022-01-26 19:37:21,-17.2614,27.4618,72.12,93,99,7.56
450,Hajdubagos,HU,2022-01-26 19:37:22,47.3929,21.6655,30.58,93,100,8.05
451,Cap Malheureux,MU,2022-01-26 19:37:22,-19.9842,57.6142,75.69,68,1,3.0
452,Quang Ngai,VN,2022-01-26 19:37:22,15.1167,108.8,68.85,91,24,5.08
453,Avallon,FR,2022-01-26 19:37:23,47.4833,3.9,30.94,87,6,1.77
454,Vitre,FR,2022-01-26 19:37:23,48.1178,-1.2058,37.22,92,4,4.59
455,Coahuayana,MX,2022-01-26 19:37:23,18.7333,-103.6833,89.08,37,90,7.47
456,Tibati,CM,2022-01-26 19:38:24,6.4667,12.6333,74.01,19,97,9.1
457,Guerrero Negro,MX,2022-01-26 19:38:24,27.9769,-114.0611,68.47,34,99,2.59
458,Brae,GB,2022-01-26 19:38:25,60.3964,-1.353,48.11,85,92,34.67
459,Kurilsk,RU,2022-01-26 19:38:25,45.2333,147.8833,24.3,59,100,5.95
460,Saint-Pierre,RE,2022-01-26 19:38:25,-21.3393,55.4781,73.08,68,75,8.05
461,Igarka,RU,2022-01-26 19:38:26,67.4667,86.5833,-6.93,95,100,22.46
462,Praya,CV,2022-01-26 19:38:26,14.9215,-23.5087,73.94,73,0,24.16
463,Nagato,JP,2022-01-26 19:38:26,34.3833,131.2,40.91,62,100,4.25
464,Vao,NC,2022-01-26 19:38:27,-22.6667,167.4833,77.58,81,100,13.0
465,Waddan,LY,2022-01-26 19:38:27,29.1614,16.139,46.96,49,4,7.09
466,Sinnamary,GF,2022-01-26 19:38:27,5.3833,-52.95,79.92,75,81,8.21
467,Yaan,NG,2022-01-26 19:38:28,7.3833,8.5667,82.11,14,4,5.64
468,Varzelandia,BR,2022-01-26 19:38:28,-15.7014,-44.0275,75.4,76,100,5.61
469,Tuskegee,US,2022-01-26 19:38:28,32.424,-85.6916,57.16,29,20,8.55
470,Mananjary,MG,2022-01-26 19:38:29,-21.2167,48.3333,73.24,83,26,2.42
471,Sault Sainte Marie,CA,2022-01-26 19:33:55,46.5168,-84.3333,13.89,70,100,11.5
472,Broni,IT,2022-01-26 19:38:29,45.0655,9.2623,46.89,91,0,2.51
473,Kamina,CD,2022-01-26 19:38:30,-8.7386,24.9906,63.46,97,100,4.12
474,Chicama,PE,2022-01-26 19:38:30,-7.8447,-79.1469,66.74,57,65,11.61
475,Khandbari,NP,2022-01-26 19:38:30,27.3747,87.2039,45.82,81,56,3.56
476,Nipawin,CA,2022-01-26 19:38:31,53.3668,-104.0009,26.64,86,100,12.66
477,Odienne,CI,2022-01-26 19:38:31,9.51,-7.5692,79.16,16,0,2.04
478,Beberibe,BR,2022-01-26 19:38:31,-4.1797,-38.1306,87.17,75,100,11.5
479,Komsomolskiy,UZ,2022-01-26 19:38:32,40.4272,71.7189,33.22,80,0,4.61
480,Hofn,IS,2022-01-26 19:38:32,64.2539,-15.2082,30.22,69,100,3.44
481,Nelson Bay,AU,2022-01-26 19:38:32,-32.7167,152.15,68.0,95,57,9.24
482,Poli,TZ,2022-01-26 19:38:33,-3.3333,36.8,71.87,66,1,3.2
483,Acapulco,MX,2022-01-26 19:34:09,16.8634,-99.8901,85.82,62,0,8.05
484,Maumere,ID,2022-01-26 19:38:33,-8.6199,122.2111,79.47,86,100,11.77
485,Nemuro,JP,2022-01-26 19:38:33,43.3236,145.575,27.41,91,100,1.45
486,Boleslawiec,PL,2022-01-26 19:38:34,51.2642,15.5697,37.87,89,100,14.83
487,Sokyryany,UA,2022-01-26 19:38:34,48.4475,27.4168,26.64,97,99,3.85
488,Nouadhibou,MR,2022-01-26 19:38:34,20.931,-17.0347,66.18,68,0,18.41
489,Atyrau,KZ,2022-01-26 19:38:35,47.1167,51.8833,24.82,93,100,8.95
490,Namibe,AO,2022-01-26 19:38:35,-15.1961,12.1522,76.24,83,100,3.09
491,Maceio,BR,2022-01-26 19:38:35,-9.6658,-35.7353,87.24,58,40,14.97
492,Aklavik,CA,2022-01-26 19:38:36,68.2191,-135.0107,4.03,78,100,8.05
493,Bahia Blanca,AR,2022-01-26 19:38:36,-38.7196,-62.2724,71.46,38,0,20.04
494,Abu Samrah,SY,2022-01-26 19:38:36,35.3029,37.1841,39.02,96,100,10.02
495,Sola,VU,2022-01-26 19:38:37,-13.8833,167.55,83.08,75,91,14.83
496,Pisco,PE,2022-01-26 19:38:37,-13.7,-76.2167,80.65,54,58,18.41
497,Namatanai,PG,2022-01-26 19:38:37,-3.6667,152.4333,79.93,82,81,3.98
498,Adrar,MR,2022-01-26 19:38:38,20.5022,-10.0711,70.07,16,21,6.62
499,Gravdal,NO,2022-01-26 19:38:38,68.1214,13.5031,33.69,100,75,9.22
500,Hambantota,LK,2022-01-26 19:38:38,6.1241,81.1185,72.81,81,58,8.14
501,Pong,TH,2022-01-26 19:38:39,19.1493,100.2752,62.83,65,0,1.63
502,Roald,NO,2022-01-26 19:39:39,62.5833,6.1333,40.91,87,75,14.97
503,Zheleznodorozhnyy,RU,2022-01-26 19:39:40,55.7503,38.0042,23.22,99,100,2.82
504,Rakkestad,NO,2022-01-26 19:39:40,59.4251,11.3454,42.06,75,100,10.22
505,Bonito Oriental,HN,2022-01-26 19:39:40,15.7477,-85.7356,82.02,50,12,7.36
506,Ahuimanu,US,2022-01-26 19:39:41,21.4447,-157.8378,78.37,71,100,5.01
507,Bowen,AU,2022-01-26 19:39:41,-20.0167,148.2333,73.62,81,100,13.11
508,Mayo,US,2022-01-26 19:39:41,38.8876,-76.5119,35.35,40,0,8.01
509,Karlstad,SE,2022-01-26 19:39:42,59.3793,13.5036,37.96,75,100,8.05
510,Pilane,BW,2022-01-26 19:39:42,-24.45,26.1333,77.56,50,60,4.9
511,Xichang,CN,2022-01-26 19:39:42,27.8964,102.2634,41.0,79,6,1.81
512,Guhagar,IN,2022-01-26 19:39:43,17.4842,73.1929,65.64,68,0,4.65
513,Abha,SA,2022-01-26 19:39:43,18.2164,42.5053,55.22,88,0,9.22
514,Synya,RU,2022-01-26 19:39:43,65.3718,58.0387,11.43,93,99,8.41
515,Lakes Entrance,AU,2022-01-26 19:39:44,-37.8811,147.981,66.58,79,21,8.21
516,Lazarev,RU,2022-01-26 19:39:44,52.225,141.5131,-16.47,98,24,1.74
517,Sabang,ID,2022-01-26 19:39:44,5.8933,95.3214,81.28,76,22,8.41
518,Nizhnevartovsk,RU,2022-01-26 19:39:45,60.9344,76.5531,-0.38,85,100,6.71
519,Esna,EG,2022-01-26 19:39:45,25.2934,32.554,53.62,42,0,10.92
520,Eyl,SO,2022-01-26 19:39:45,7.9803,49.8164,72.12,65,5,16.2
521,Tarauaca,BR,2022-01-26 19:39:46,-8.1614,-70.7656,83.62,64,100,4.18
522,Gari,RU,2022-01-26 19:39:46,59.4307,62.3497,7.93,95,98,6.02
523,Kismayo,SO,2022-01-26 19:39:46,-0.3582,42.5454,77.11,77,100,14.58
524,Labuhan,ID,2022-01-26 19:39:47,-6.8844,112.2051,77.9,88,99,10.33
525,Katherine,AU,2022-01-26 19:39:47,-14.4667,132.2667,77.32,94,100,6.91
526,Hervey Bay,AU,2022-01-26 19:39:47,-25.2986,152.8535,75.02,83,100,4.0
527,Sovetskiy,RU,2022-01-26 19:39:48,61.3614,63.5842,-3.19,100,98,3.96
528,Victoria Falls,ZW,2022-01-26 19:39:48,-17.9235,25.843,67.44,95,100,8.3
529,Vilhena,BR,2022-01-26 19:35:05,-12.7406,-60.1458,88.02,55,75,10.36
530,Lembeni,TZ,2022-01-26 19:39:49,-3.7833,37.6167,70.97,56,2,7.78
531,Sechura,PE,2022-01-26 19:39:49,-5.5569,-80.8222,79.86,61,99,10.65
532,Dicabisagan,PH,2022-01-26 19:39:49,17.0818,122.4157,75.65,95,100,7.09
533,Umm Lajj,SA,2022-01-26 19:39:50,25.0213,37.2685,64.17,50,2,14.23
534,Lloydminster,CA,2022-01-26 19:39:50,53.2835,-110.0016,34.02,86,75,19.57
535,Chumikan,RU,2022-01-26 19:39:50,54.7183,135.315,-8.3,93,93,12.8
536,Nawa,IN,2022-01-26 19:39:51,27.0167,75.0,50.18,44,0,1.95
537,Kuusamo,FI,2022-01-26 19:39:51,65.9667,29.1833,14.04,92,100,9.22
538,Governador Valadares,BR,2022-01-26 19:39:51,-18.8511,-41.9494,79.41,80,27,6.87
539,Coquimbo,CL,2022-01-26 19:39:52,-29.9533,-71.3436,67.73,68,0,17.27
540,Prince Rupert,CA,2022-01-26 19:39:52,54.3161,-130.3201,38.89,93,0,2.3
541,Mae Sai,TH,2022-01-26 19:39:52,20.4335,99.8762,61.92,82,3,2.3
542,Morondava,MG,2022-01-26 19:39:53,-20.2833,44.2833,81.43,73,0,8.9
543,Hit,IQ,2022-01-26 19:39:53,33.6416,42.8251,51.91,39,0,9.71
544,Kloulklubed,PW,2022-01-26 19:39:53,7.0419,134.2556,81.88,81,100,18.61
545,Ojinaga,MX,2022-01-26 19:39:54,29.5667,-104.4167,64.58,47,0,5.75
546,Ulladulla,AU,2022-01-26 19:40:54,-35.35,150.4667,63.5,83,40,4.47
547,Salisbury,GB,2022-01-26 19:40:54,51.0693,-1.7957,45.32,82,75,8.05
548,Dunedin,NZ,2022-01-26 19:40:55,-45.8742,170.5036,51.8,79,59,17.0
549,Mogadishu,SO,2022-01-26 19:40:55,2.0371,45.3438,77.32,78,100,19.95
550,Awbari,LY,2022-01-26 19:40:55,26.5921,12.7805,43.59,38,15,8.05
551,Salinopolis,BR,2022-01-26 19:40:56,-0.6136,-47.3561,81.01,79,100,8.86
552,French Harbor,HN,2022-01-26 19:40:56,16.35,-86.4333,84.2,79,40,11.5
553,Sorong,ID,2022-01-26 19:40:56,-0.8833,131.25,80.82,81,100,11.16
554,Sao Gabriel Da Cachoeira,BR,2022-01-26 19:40:57,-0.1303,-67.0892,87.6,70,40,4.61
555,Mecca,SA,2022-01-26 19:40:57,21.4267,39.8261,67.17,65,65,12.17
556,Meulaboh,ID,2022-01-26 19:40:58,4.1363,96.1285,76.75,82,100,2.24
557,Pitimbu,BR,2022-01-26 19:40:58,-7.4706,-34.8086,84.79,70,11,12.8
558,Cockburn Town,TC,2022-01-26 19:40:58,21.4612,-71.1419,77.92,71,2,8.9
559,Koumac,NC,2022-01-26 19:40:58,-20.5667,164.2833,78.69,79,92,5.68
560,Floro,NO,2022-01-26 19:40:59,61.5996,5.0328,39.16,93,75,16.11
561,Salamanca,ES,2022-01-26 19:40:59,40.8333,-6.0,40.78,77,5,5.55
562,Vostok,RU,2022-01-26 19:41:00,46.4856,135.8833,-1.8,99,100,3.4
563,Syamzha,RU,2022-01-26 19:41:00,60.0158,41.0614,-3.3,100,100,2.68
564,Plettenberg Bay,ZA,2022-01-26 19:41:00,-34.0527,23.3716,66.07,95,100,11.56
565,Cervo,ES,2022-01-26 19:41:01,43.6702,-7.4101,51.96,80,82,12.01
566,The Valley,AI,2022-01-26 19:41:01,18.217,-63.0578,84.06,69,20,9.22
567,Bac Lieu,VN,2022-01-26 19:41:01,9.285,105.7244,75.27,87,18,7.7
568,Platteville,US,2022-01-26 19:41:02,42.7342,-90.4785,9.25,61,0,11.5
569,Shache,CN,2022-01-26 19:41:02,38.4167,77.2406,32.72,51,7,1.52
570,Lamu,KE,2022-01-26 19:41:02,-2.2717,40.902,79.02,80,20,13.06
571,Rovinj,HR,2022-01-26 19:41:03,45.08,13.64,37.89,80,14,4.47
572,Mamlyutka,KZ,2022-01-26 19:41:03,54.9375,68.5394,-0.04,91,100,6.58
573,Mahibadhoo,MV,2022-01-26 19:41:03,3.7833,72.9667,80.08,65,100,13.27
574,Banda Aceh,ID,2022-01-26 19:41:04,5.5577,95.3222,78.3,81,57,5.28
575,Paamiut,GL,2022-01-26 19:41:04,61.994,-49.6678,15.31,79,100,15.73
576,Malartic,CA,2022-01-26 19:38:37,48.1335,-78.1328,-0.58,70,93,9.42
577,Quatre Cocos,MU,2022-01-26 19:41:05,-20.2078,57.7625,75.31,68,17,9.55
578,Berlevag,NO,2022-01-26 19:41:05,70.8578,29.0864,22.95,68,0,20.71
579,Necochea,AR,2022-01-26 19:41:05,-38.5473,-58.7368,68.04,54,0,20.76
580,Kandrian,PG,2022-01-26 19:41:06,-6.2167,149.55,78.17,89,99,7.54
