City_ID,City,Lat,Lng,Max Temp,Humidity,Cloudiness,Wind Speed,Country,Date,Current Description
0,Mayo,38.8876,-76.5119,38.55,39,0,7.0,US,2022-02-06 18:43:01,clear sky
1,Torbay,47.6666,-52.7314,16.75,81,100,17.27,CA,2022-02-06 18:44:52,light snow
2,Kavieng,-2.5744,150.7967,81.16,77,82,3.47,PG,2022-02-06 18:44:52,broken clouds
3,Srednekolymsk,67.45,153.6833,-36.83,100,58,1.28,RU,2022-02-06 18:44:53,broken clouds
4,Thinadhoo,0.5333,72.9333,82.62,69,75,11.05,MV,2022-02-06 18:44:53,broken clouds
5,La Asuncion,11.0333,-63.8628,85.73,58,30,18.41,VE,2022-02-06 18:44:53,scattered clouds
6,Beringovskiy,63.05,179.3167,-18.35,98,46,7.49,RU,2022-02-06 18:44:53,scattered clouds
7,Wajir,1.7471,40.0573,87.76,30,0,0.0,KE,2022-02-06 18:44:54,clear sky
8,Mount Isa,-20.7333,139.5,76.77,65,75,5.75,AU,2022-02-06 18:44:54,broken clouds
9,Dikson,73.5069,80.5464,-20.54,99,94,9.64,RU,2022-02-06 18:44:54,overcast clouds
10,Busselton,-33.65,115.3333,54.09,53,64,17.92,AU,2022-02-06 18:44:55,broken clouds
11,Oussouye,12.485,-16.5469,96.98,38,1,7.07,SN,2022-02-06 18:44:55,clear sky
12,Hermanus,-34.4187,19.2345,68.9,89,9,8.19,ZA,2022-02-06 18:44:55,clear sky
13,Benguela,-12.5763,13.4055,76.89,68,100,4.52,AO,2022-02-06 18:47:48,overcast clouds
14,Severo-Kurilsk,50.6789,156.125,29.68,83,100,14.97,RU,2022-02-06 18:44:56,overcast clouds
15,Tiksi,71.6872,128.8694,-14.96,98,100,3.71,RU,2022-02-06 18:44:56,overcast clouds
16,Ushuaia,-54.8,-68.3,60.46,59,75,17.27,AR,2022-02-06 18:41:51,broken clouds
17,Avera,33.194,-82.5271,49.71,44,100,9.4,US,2022-02-06 18:44:56,overcast clouds
18,Thompson,55.7435,-97.8558,-11.04,64,20,4.61,CA,2022-02-06 18:44:57,few clouds
19,Saint-Augustin,51.226,-58.6502,-1.89,71,6,14.27,CA,2022-02-06 18:44:57,clear sky
20,Butaritari,3.0707,172.7902,81.39,77,34,15.23,KI,2022-02-06 18:44:57,light rain
21,Chuy,-33.6971,-53.4616,75.27,39,3,16.82,UY,2022-02-06 18:44:58,clear sky
22,Cape Town,-33.9258,18.4232,69.12,73,20,5.75,ZA,2022-02-06 18:42:16,few clouds
23,Dudinka,69.4058,86.1778,-33.32,100,16,4.41,RU,2022-02-06 18:44:58,few clouds
24,Khandyga,62.6667,135.6,-39.08,99,100,2.35,RU,2022-02-06 18:44:58,overcast clouds
25,Rikitea,-23.1203,-134.9692,79.09,70,2,16.75,PF,2022-02-06 18:39:59,clear sky
26,Nikolskoye,59.7035,30.7861,35.87,94,100,12.28,RU,2022-02-06 18:44:59,light snow
27,Dunedin,-45.8742,170.5036,52.81,79,0,1.01,NZ,2022-02-06 18:44:59,clear sky
28,Bredasdorp,-34.5322,20.0403,70.92,73,0,8.05,ZA,2022-02-06 18:45:00,clear sky
29,Amahai,-3.3333,128.9167,77.99,84,79,4.5,ID,2022-02-06 18:45:00,broken clouds
30,Tuktoyaktuk,69.4541,-133.0374,-22.0,76,100,18.41,CA,2022-02-06 18:45:00,light snow
31,Bluff,-46.6,168.3333,41.81,78,6,4.79,NZ,2022-02-06 18:45:01,clear sky
32,Avarua,-21.2078,-159.775,77.05,88,85,10.36,CK,2022-02-06 18:45:01,overcast clouds
33,Yellowknife,62.456,-114.3525,-8.88,77,75,12.66,CA,2022-02-06 18:41:27,light snow
34,Albany,42.6001,-73.9662,27.82,49,13,3.0,US,2022-02-06 18:45:01,few clouds
35,Zwedru,6.0667,-8.1281,85.15,52,87,5.64,LR,2022-02-06 18:45:02,overcast clouds
36,Beckley,37.7782,-81.1882,39.7,57,0,1.99,US,2022-02-06 18:43:38,clear sky
37,Tuatapere,-46.1333,167.6833,41.83,84,5,3.0,NZ,2022-02-06 18:42:46,clear sky
38,Hobart,-42.8794,147.3294,53.06,87,5,9.22,AU,2022-02-06 18:45:02,clear sky
39,Wagar,16.1525,36.2032,70.93,40,4,12.44,SD,2022-02-06 18:45:03,clear sky
40,Campos Altos,-19.6961,-46.1714,66.16,97,100,2.44,BR,2022-02-06 18:45:03,overcast clouds
41,Acopiara,-6.0953,-39.4525,91.56,36,18,2.95,BR,2022-02-06 18:45:03,few clouds
42,Barrow,71.2906,-156.7887,-23.78,76,40,6.91,US,2022-02-06 18:45:04,haze
43,Zapolyarnyy,69.4154,30.8136,18.68,97,50,7.63,RU,2022-02-06 18:45:04,scattered clouds
44,Centerville,39.6284,-84.1594,38.28,58,0,3.0,US,2022-02-06 18:45:04,moderate rain
45,Esperance,-33.8667,121.9,62.44,71,100,23.47,AU,2022-02-06 18:45:04,overcast clouds
46,Norman Wells,65.282,-126.8329,-14.76,70,75,12.66,CA,2022-02-06 18:45:05,broken clouds
47,Ljungby,56.8332,13.9408,34.21,89,92,7.05,SE,2022-02-06 18:48:51,overcast clouds
48,Poum,-20.2333,164.0167,80.08,83,100,9.98,NC,2022-02-06 18:48:51,overcast clouds
49,Sitka,57.0531,-135.33,44.49,81,100,18.41,US,2022-02-06 18:44:42,moderate rain
50,Pravia,43.4906,-6.1508,48.07,76,0,3.44,ES,2022-02-06 18:48:52,clear sky
51,Ayan,56.45,138.1667,-5.62,77,90,9.46,RU,2022-02-06 18:48:52,overcast clouds
52,Hilo,19.7297,-155.09,70.25,92,100,5.75,US,2022-02-06 18:46:37,heavy intensity rain
53,Elk Grove,38.4088,-121.3716,65.57,64,0,1.01,US,2022-02-06 18:48:52,clear sky
54,Primorsko,42.2667,27.7667,43.21,81,2,5.5,BG,2022-02-06 18:48:53,clear sky
55,Parrita,9.5201,-84.3225,91.26,58,4,8.63,CR,2022-02-06 18:48:53,clear sky
56,Portland,45.5234,-122.6762,54.28,81,100,3.0,US,2022-02-06 18:45:10,fog
57,Nara,34.6851,135.8049,38.48,62,45,2.42,JP,2022-02-06 18:48:53,scattered clouds
58,Gawler,-34.6,138.7333,77.16,39,5,12.68,AU,2022-02-06 18:48:54,clear sky
59,Skagen,57.7209,10.5839,38.26,68,24,23.51,DK,2022-02-06 18:48:54,few clouds
60,Newport,51.5877,-2.9984,48.85,77,15,5.99,GB,2022-02-06 18:45:52,few clouds
61,Morehead,37.2711,-87.1764,42.94,58,0,3.0,US,2022-02-06 18:48:55,clear sky
62,Carutapera,-1.195,-46.02,80.4,83,100,6.8,BR,2022-02-06 18:48:55,moderate rain
63,Carnarvon,-24.8667,113.6333,75.27,69,100,21.85,AU,2022-02-06 18:46:05,overcast clouds
64,Thunder Bay,48.4001,-89.3168,18.55,69,75,6.91,CA,2022-02-06 18:44:20,broken clouds
65,Oksfjord,70.2396,22.3479,32.18,86,66,12.62,NO,2022-02-06 18:48:56,broken clouds
66,Medicine Hat,50.0501,-110.6683,44.31,56,100,1.01,CA,2022-02-06 18:48:56,overcast clouds
67,Hasaki,35.7333,140.8333,28.8,43,0,24.02,JP,2022-02-06 18:48:56,clear sky
68,Atuona,-9.8,-139.0333,78.78,72,0,19.04,PF,2022-02-06 18:48:57,clear sky
69,Khatanga,71.9667,102.5,-18.33,98,99,8.61,RU,2022-02-06 18:48:57,overcast clouds
70,New Norfolk,-42.7826,147.0587,52.72,74,4,1.95,AU,2022-02-06 18:47:30,clear sky
71,Iberia,29.9502,-91.7507,54.97,37,0,4.61,US,2022-02-06 18:48:57,clear sky
72,Gat,31.61,34.7642,54.91,83,0,5.59,IL,2022-02-06 18:48:58,clear sky
73,Praia,14.9215,-23.5087,79.34,50,0,17.27,CV,2022-02-06 18:46:26,clear sky
74,Hovd,48.0056,91.6419,-13.88,75,12,3.2,MN,2022-02-06 18:48:58,few clouds
75,Bukama,-9.2,25.85,68.94,98,100,3.91,CD,2022-02-06 18:48:58,light rain
76,Wuwei,37.9281,102.6414,11.77,94,99,1.72,CN,2022-02-06 18:48:59,overcast clouds
77,Aykhal,66.0,111.5,-19.59,99,100,5.06,RU,2022-02-06 18:45:53,overcast clouds
78,Chalmette,29.9427,-89.9634,57.09,41,0,1.99,US,2022-02-06 18:48:59,clear sky
79,Port Elizabeth,-33.918,25.5701,79.11,88,20,17.27,ZA,2022-02-06 18:49:00,light rain
80,Lakes Entrance,-37.8811,147.981,52.57,91,8,5.59,AU,2022-02-06 18:49:00,clear sky
81,Van,38.4924,43.3831,20.55,73,40,3.44,TR,2022-02-06 18:49:00,scattered clouds
82,Tezu,27.9167,96.1667,52.0,88,100,3.83,IN,2022-02-06 18:49:01,overcast clouds
83,Saskylakh,71.9167,114.0833,-24.65,100,95,1.61,RU,2022-02-06 18:46:59,overcast clouds
84,Batemans Bay,-35.7167,150.1833,63.1,88,70,7.43,AU,2022-02-06 18:46:15,broken clouds
85,Itarema,-2.9248,-39.9167,84.34,65,100,13.89,BR,2022-02-06 18:44:12,overcast clouds
86,Hami,42.8,93.45,26.6,32,17,12.95,CN,2022-02-06 18:46:35,few clouds
87,Port Alfred,-33.5906,26.891,75.02,82,47,26.22,ZA,2022-02-06 18:49:01,scattered clouds
88,Jamestown,42.097,-79.2353,34.52,35,0,8.01,US,2022-02-06 18:46:39,clear sky
89,Natal,-5.795,-35.2094,88.45,62,20,13.8,BR,2022-02-06 18:47:00,few clouds
90,Sao Filipe,14.8961,-24.4956,73.81,71,0,10.89,CV,2022-02-06 18:49:02,clear sky
91,Mataura,-46.1927,168.8643,41.49,90,10,0.92,NZ,2022-02-06 18:47:54,clear sky
92,Ilulissat,69.2167,-51.1,-1.14,92,100,2.19,GL,2022-02-06 18:50:02,overcast clouds
93,Muisne,0.6,-80.0333,78.91,74,43,10.27,EC,2022-02-06 18:50:03,scattered clouds
94,Port Victoria,0.0939,33.9756,75.7,66,100,5.7,KE,2022-02-06 18:50:03,overcast clouds
95,Coihaique,-45.5752,-72.0662,83.01,41,20,8.05,CL,2022-02-06 18:50:03,few clouds
96,Vaini,-21.2,-175.2,75.36,94,100,12.66,TO,2022-02-06 18:47:17,light rain
97,Acapulco,16.8634,-99.8901,84.97,51,40,10.65,MX,2022-02-06 18:49:59,scattered clouds
98,Padang,-0.9492,100.3543,77.04,75,100,3.47,ID,2022-02-06 18:48:21,moderate rain
99,Aswan,24.0934,32.907,63.7,27,0,6.91,EG,2022-02-06 18:50:04,clear sky
100,Coquimbo,-29.9533,-71.3436,69.73,67,41,5.99,CL,2022-02-06 18:47:16,scattered clouds
101,Skibbereen,51.55,-9.2667,51.12,83,100,16.58,IE,2022-02-06 18:50:04,overcast clouds
102,Hambantota,6.1241,81.1185,79.14,83,40,8.05,LK,2022-02-06 18:50:05,scattered clouds
103,Lorengau,-2.0226,147.2712,81.01,79,100,7.58,PG,2022-02-06 18:50:05,overcast clouds
104,Mackenzie,55.2999,-123.1698,35.82,60,0,12.66,CA,2022-02-06 18:50:05,clear sky
105,Alta Floresta,-9.8756,-56.0861,89.42,62,40,5.75,BR,2022-02-06 18:50:06,scattered clouds
106,Taoudenni,22.6783,-3.9836,74.12,10,73,8.55,ML,2022-02-06 18:50:06,broken clouds
107,Saint George,37.1041,-113.5841,59.47,24,0,1.01,US,2022-02-06 18:46:56,clear sky
108,Bethel,41.3712,-73.414,29.17,56,0,5.75,US,2022-02-06 18:50:07,clear sky
109,Kapaa,22.0752,-159.319,73.72,84,75,11.5,US,2022-02-06 18:48:45,light rain
110,Cidreira,-30.1811,-50.2056,81.25,51,0,11.86,BR,2022-02-06 18:45:17,clear sky
111,Jingdezhen,29.2947,117.2079,38.21,97,100,3.8,CN,2022-02-06 18:50:07,light rain
112,Husavik,66.0449,-17.3389,24.71,77,100,8.23,IS,2022-02-06 18:50:07,overcast clouds
113,Atikokan,48.7555,-91.6216,13.82,82,100,7.25,CA,2022-02-06 18:50:08,overcast clouds
114,Eyl,7.9803,49.8164,75.09,71,100,16.4,SO,2022-02-06 18:50:08,overcast clouds
115,Mayor Pablo Lagerenza,-19.9309,-60.7718,98.76,19,38,13.47,PY,2022-02-06 18:50:08,scattered clouds
116,Kahului,20.8947,-156.47,76.84,76,20,12.66,US,2022-02-06 18:50:09,few clouds
117,Constitucion,-35.3333,-72.4167,71.74,56,13,9.75,CL,2022-02-06 18:47:49,few clouds
118,Kruisfontein,-34.0033,24.7314,76.89,58,100,14.34,ZA,2022-02-06 18:50:09,overcast clouds
119,Darnah,32.767,22.6367,58.73,67,97,8.59,LY,2022-02-06 18:50:09,overcast clouds
120,Hervey Bay,-25.2986,152.8535,68.11,93,18,10.0,AU,2022-02-06 18:50:10,light rain
121,Namibe,-15.1961,12.1522,75.06,69,100,13.47,AO,2022-02-06 18:50:10,overcast clouds
122,Sibolga,1.7427,98.7792,75.07,89,100,3.27,ID,2022-02-06 18:49:19,overcast clouds
123,Paveh,35.0434,46.3565,30.4,94,88,1.57,IR,2022-02-06 18:50:11,overcast clouds
124,Clyde River,70.4692,-68.5914,-32.57,75,0,5.75,CA,2022-02-06 18:50:11,clear sky
125,Bacolod,10.6667,122.95,75.18,83,94,10.49,PH,2022-02-06 18:50:11,overcast clouds
126,Tire,38.0888,27.7351,46.4,63,0,4.0,TR,2022-02-06 18:50:12,clear sky
127,Grindavik,63.8424,-22.4338,27.07,74,100,9.22,IS,2022-02-06 18:50:12,overcast clouds
128,Iqaluit,63.7506,-68.5145,-32.31,66,20,1.99,CA,2022-02-06 18:50:12,few clouds
129,Pisco,-13.7,-76.2167,72.01,83,40,10.36,PE,2022-02-06 18:50:13,mist
130,Kerema,-7.9631,145.7785,77.18,80,98,3.33,PG,2022-02-06 18:50:13,overcast clouds
131,Lipany,49.1538,20.9638,40.32,75,100,11.9,SK,2022-02-06 18:50:13,overcast clouds
132,Pangnirtung,66.1451,-65.7125,-31.0,68,75,0.0,CA,2022-02-06 18:50:13,broken clouds
133,Kaeo,-35.1,173.7833,73.33,98,100,4.65,NZ,2022-02-06 18:46:28,overcast clouds
134,Odweyne,9.4092,45.064,66.31,64,100,9.75,SO,2022-02-06 18:50:14,overcast clouds
135,Pemberton,50.3164,-122.8027,37.09,90,100,0.02,CA,2022-02-06 18:50:14,overcast clouds
136,Mayahi,13.9553,7.6712,70.84,11,0,10.8,NE,2022-02-06 18:51:14,clear sky
137,Petropavlovsk-Kamchatskiy,53.0452,158.6483,27.19,69,75,17.9,RU,2022-02-06 18:49:48,light shower snow
138,Micheweni,-4.9667,39.8333,80.4,83,100,4.09,TZ,2022-02-06 18:51:15,overcast clouds
139,Hamilton,39.1834,-84.5333,39.97,59,0,3.0,US,2022-02-06 18:51:15,clear sky
140,Kodiak,57.79,-152.4072,36.91,70,0,5.75,US,2022-02-06 18:51:01,clear sky
141,Gombong,-7.6072,109.5142,80.83,88,100,3.24,ID,2022-02-06 18:51:16,overcast clouds
142,Longyearbyen,78.2186,15.6401,17.44,67,40,18.41,SJ,2022-02-06 18:47:20,scattered clouds
143,Cockburn Town,21.4612,-71.1419,80.56,44,20,14.97,TC,2022-02-06 18:51:16,few clouds
144,Baruun-Urt,46.6806,113.2792,-0.67,88,10,6.55,MN,2022-02-06 18:48:24,clear sky
145,Broome,42.2506,-75.833,29.62,63,0,3.0,US,2022-02-06 18:51:16,clear sky
146,Evensk,61.95,159.2333,1.26,67,0,9.06,RU,2022-02-06 18:51:17,clear sky
147,Saint-Philippe,-21.3585,55.7679,78.39,80,99,15.5,RE,2022-02-06 18:51:17,overcast clouds
148,Asekeyevo,53.5742,52.7972,10.45,98,100,2.06,RU,2022-02-06 18:51:17,overcast clouds
149,Punta Arenas,-53.15,-70.9167,69.91,49,75,16.11,CL,2022-02-06 18:51:18,broken clouds
150,Vardo,70.3705,31.1107,23.2,78,74,21.72,NO,2022-02-06 18:51:18,broken clouds
151,Bahia Blanca,-38.7196,-62.2724,70.92,51,6,11.52,AR,2022-02-06 18:50:07,clear sky
152,Svetlaya,46.5389,138.3297,7.38,71,99,7.78,RU,2022-02-06 18:51:18,overcast clouds
153,Puerto Ayora,-0.7393,-90.3518,84.16,85,58,5.99,EC,2022-02-06 18:47:22,broken clouds
154,Kutum,14.2,24.6667,57.52,16,38,12.1,SD,2022-02-06 18:51:19,scattered clouds
155,Ban Nahin,18.2418,104.2122,65.64,80,14,2.82,LA,2022-02-06 18:51:19,few clouds
156,Yerbogachen,61.2767,108.0108,-7.11,100,100,1.95,RU,2022-02-06 18:51:19,overcast clouds
157,Victoria,22.2855,114.1577,62.26,84,100,1.01,HK,2022-02-06 18:50:55,overcast clouds
158,Calama,-22.4667,-68.9333,79.29,8,0,20.71,CL,2022-02-06 18:51:20,clear sky
159,Cabo San Lucas,22.8909,-109.9124,76.17,65,20,5.01,MX,2022-02-06 18:51:20,few clouds
160,Hokitika,-42.7167,170.9667,55.51,63,100,6.38,NZ,2022-02-06 18:48:56,overcast clouds
161,Northam,51.0333,-4.2167,49.62,84,30,29.46,GB,2022-02-06 18:48:31,scattered clouds
162,Querfurt,51.3833,11.6,44.44,85,100,17.58,DE,2022-02-06 18:51:21,moderate rain
163,Nacozari,25.3366,-108.2574,74.26,35,40,7.27,MX,2022-02-06 18:51:21,scattered clouds
164,Mahina,-17.5065,-149.489,85.77,54,75,2.3,PF,2022-02-06 18:51:21,broken clouds
165,Paso De Los Toros,-32.8167,-56.5167,75.04,31,5,19.73,UY,2022-02-06 18:51:22,clear sky
166,Lebu,-37.6167,-73.65,66.25,64,0,13.42,CL,2022-02-06 18:48:09,clear sky
167,Tasiilaq,65.6145,-37.6368,23.16,62,100,35.54,GL,2022-02-06 18:47:59,overcast clouds
168,Assiniboia,49.6334,-105.9845,28.22,69,99,9.22,CA,2022-02-06 18:51:22,overcast clouds
169,Chenzhou,25.8,113.0333,46.27,97,100,3.94,CN,2022-02-06 18:51:23,overcast clouds
170,East London,-33.0153,27.9116,72.54,88,20,12.66,ZA,2022-02-06 18:47:57,few clouds
171,Mahon,39.8885,4.2658,46.96,81,20,2.3,ES,2022-02-06 18:51:23,few clouds
172,Ribeira Grande,38.5167,-28.7,63.0,82,75,12.66,PT,2022-02-06 18:50:30,broken clouds
173,Teya,60.3778,92.6267,10.31,97,100,1.19,RU,2022-02-06 18:51:24,light snow
174,Bereda,43.2686,-7.5406,49.75,97,89,2.59,ES,2022-02-06 18:51:24,overcast clouds
175,Kulhudhuffushi,6.6221,73.07,80.42,73,46,10.54,MV,2022-02-06 18:51:24,scattered clouds
176,Warrnambool,-38.3833,142.4833,58.35,81,0,10.78,AU,2022-02-06 18:51:25,clear sky
177,Lagoa,39.05,-27.9833,60.19,85,16,12.15,PT,2022-02-06 18:47:43,few clouds
178,Alofi,-19.0595,-169.9187,75.09,94,100,4.61,NU,2022-02-06 18:48:26,overcast clouds
179,Atasu,48.6814,71.6433,12.51,80,100,10.78,KZ,2022-02-06 18:52:25,overcast clouds
180,Provideniya,64.3833,-173.3,-5.57,84,2,4.03,RU,2022-02-06 18:47:28,clear sky
181,Muros,42.7762,-9.0603,52.84,70,47,10.63,ES,2022-02-06 18:52:26,scattered clouds
182,Vila Do Maio,15.1333,-23.2167,79.59,79,0,14.23,CV,2022-02-06 18:52:26,clear sky
183,Saint-Louis,16.3333,-15.0,98.24,7,0,9.82,SN,2022-02-06 18:52:26,clear sky
184,Talnakh,69.4865,88.3972,-26.18,98,52,2.53,RU,2022-02-06 18:52:26,broken clouds
185,Prince Albert,53.2001,-105.7677,8.55,85,100,8.05,CA,2022-02-06 18:52:27,overcast clouds
186,Marsh Harbour,26.5412,-77.0636,75.02,71,47,13.62,BS,2022-02-06 18:48:28,scattered clouds
187,San Rafael,-34.6177,-68.3301,78.78,30,0,12.39,AR,2022-02-06 18:48:22,clear sky
188,Porto Empedocle,37.2934,13.5264,55.36,85,99,10.2,IT,2022-02-06 18:52:27,overcast clouds
189,Clearwater,27.9659,-82.8001,64.98,89,100,5.99,US,2022-02-06 18:47:47,mist
190,Kathmandu,27.7167,85.3167,44.82,93,20,2.3,NP,2022-02-06 18:49:51,few clouds
191,Acarau,-2.8856,-40.12,84.52,65,100,15.73,BR,2022-02-06 18:52:28,overcast clouds
192,Ilhabela,-23.7781,-45.3581,81.07,86,99,5.01,BR,2022-02-06 18:52:28,overcast clouds
193,Port Moresby,-9.4431,147.1797,75.74,86,100,5.75,PG,2022-02-06 18:52:28,overcast clouds
194,Salinopolis,-0.6136,-47.3561,79.2,87,100,8.57,BR,2022-02-06 18:52:17,moderate rain
195,Komsomolskiy,40.4272,71.7189,39.92,87,75,4.61,UZ,2022-02-06 18:50:26,broken clouds
196,Svetlogorsk,52.6333,29.7333,32.11,91,100,13.22,BY,2022-02-06 18:52:29,overcast clouds
197,Mineros,-17.1167,-63.2333,89.19,94,100,4.54,BO,2022-02-06 18:52:29,overcast clouds
198,Paamiut,61.994,-49.6678,6.69,76,100,11.52,GL,2022-02-06 18:52:30,overcast clouds
199,Sisimiut,66.9395,-53.6735,0.61,95,100,10.74,GL,2022-02-06 18:52:30,overcast clouds
200,Chokurdakh,70.6333,147.9167,-39.37,100,87,2.51,RU,2022-02-06 18:51:25,overcast clouds
201,Altay,47.8667,88.1167,8.44,46,10,10.09,CN,2022-02-06 18:52:30,clear sky
202,Taganrog,47.2362,38.8969,29.55,93,63,8.68,RU,2022-02-06 18:52:31,broken clouds
203,Qaanaaq,77.484,-69.3632,-12.6,58,32,8.34,GL,2022-02-06 18:52:31,scattered clouds
204,Kaitangata,-46.2817,169.8464,43.86,88,10,1.45,NZ,2022-02-06 18:52:31,clear sky
205,Geraldton,-28.7667,114.6,70.21,49,100,10.36,AU,2022-02-06 18:52:31,overcast clouds
206,Nieuw Amsterdam,5.8833,-55.0833,87.82,69,40,5.75,SR,2022-02-06 18:52:32,scattered clouds
207,Bambanglipuro,-7.95,110.2833,75.99,88,100,4.68,ID,2022-02-06 18:52:32,overcast clouds
208,Havelock,34.8791,-76.9013,51.98,68,75,5.99,US,2022-02-06 18:52:32,broken clouds
209,Gonen,40.1049,27.654,45.01,41,0,4.36,TR,2022-02-06 18:52:33,clear sky
210,Georgetown,5.4112,100.3354,78.73,92,40,0.0,MY,2022-02-06 18:49:46,scattered clouds
211,Cayenne,4.9333,-52.3333,82.09,85,100,4.0,GF,2022-02-06 18:47:57,moderate rain
212,Kennett,36.2362,-90.0556,41.23,60,0,6.91,US,2022-02-06 18:52:33,clear sky
213,Invermere,50.5167,-116.0354,32.68,86,98,2.73,CA,2022-02-06 18:52:33,overcast clouds
214,Barbastro,42.0356,0.1269,46.08,58,14,1.28,ES,2022-02-06 18:52:34,few clouds
215,San Cristobal,7.7669,-72.225,69.98,50,62,4.85,VE,2022-02-06 18:52:34,broken clouds
216,Kununurra,-15.7667,128.7333,75.18,100,100,0.0,AU,2022-02-06 18:52:34,overcast clouds
217,Macamic,48.7502,-78.9996,16.03,92,100,10.07,CA,2022-02-06 18:52:35,light snow
218,Pevek,69.7008,170.3133,-24.34,99,33,1.05,RU,2022-02-06 18:52:35,scattered clouds
219,Paita,-5.0892,-81.1144,84.76,66,54,15.08,PE,2022-02-06 18:52:35,broken clouds
220,Ambilobe,-13.2,49.05,75.56,92,100,3.13,MG,2022-02-06 18:52:35,light rain
221,Luderitz,-26.6481,15.1594,68.31,75,11,4.7,NA,2022-02-06 18:52:36,few clouds
222,Viedma,-40.8135,-62.9967,74.75,32,3,8.12,AR,2022-02-06 18:52:36,clear sky
223,Chancay,-11.5714,-77.2672,79.32,69,93,8.93,PE,2022-02-06 18:52:36,overcast clouds
224,Jinsha,32.0898,121.0735,40.93,79,100,9.28,CN,2022-02-06 18:52:37,light rain
225,Mudhol,16.35,75.2833,69.78,65,67,7.36,IN,2022-02-06 18:53:37,broken clouds
226,Kidal,18.4411,1.4078,70.02,10,0,9.78,ML,2022-02-06 18:53:37,clear sky
227,Manthani,18.65,79.6667,69.24,29,54,1.54,IN,2022-02-06 18:53:38,broken clouds
228,Dubreka,9.7911,-13.5233,86.07,66,14,6.67,GN,2022-02-06 18:53:38,few clouds
229,Temerloh,3.4483,102.4176,72.43,97,100,2.08,MY,2022-02-06 18:53:38,overcast clouds
230,Cartagena,10.3997,-75.5144,87.42,58,20,13.8,CO,2022-02-06 18:53:38,few clouds
231,Fukue,32.6881,128.8419,43.88,62,95,17.6,JP,2022-02-06 18:51:15,overcast clouds
232,Upernavik,72.7868,-56.1549,-12.98,97,100,6.58,GL,2022-02-06 18:53:39,overcast clouds
233,Yankton,42.8711,-97.3973,35.11,44,0,29.93,US,2022-02-06 18:53:39,clear sky
234,Kismayo,-0.3582,42.5454,78.48,81,80,16.4,SO,2022-02-06 18:53:39,broken clouds
235,Bilibino,68.0546,166.4372,-17.84,77,2,4.25,RU,2022-02-06 18:53:24,clear sky
236,La Palma,33.8464,-118.0467,79.93,29,0,3.0,US,2022-02-06 18:53:40,clear sky
237,Hatillo,18.4863,-66.8254,82.31,84,41,3.0,PR,2022-02-06 18:53:40,scattered clouds
238,Sagada,17.084,120.8996,57.13,94,92,4.18,PH,2022-02-06 18:53:41,overcast clouds
239,Ixtapa,20.7,-105.2,86.92,35,11,7.16,MX,2022-02-06 18:53:41,few clouds
240,Alcaniz,41.05,-0.1333,48.09,51,89,7.34,ES,2022-02-06 18:53:41,overcast clouds
241,Spisske Podhradie,49.0009,20.7531,39.81,75,100,13.2,SK,2022-02-06 18:53:42,overcast clouds
242,Vanderhoof,54.0166,-124.0198,35.29,81,100,3.18,CA,2022-02-06 18:53:42,overcast clouds
243,Dongsheng,39.8161,109.9776,16.7,35,100,5.01,CN,2022-02-06 18:53:43,overcast clouds
244,Maningrida,-12.0667,134.2667,75.99,83,41,1.99,AU,2022-02-06 18:53:43,scattered clouds
245,Visby,57.6409,18.296,37.76,87,20,12.66,SE,2022-02-06 18:53:44,few clouds
246,Meadow Lake,34.8014,-106.5436,42.62,42,22,11.03,US,2022-02-06 18:53:44,few clouds
247,Oriximina,-1.7656,-55.8661,82.02,74,100,1.7,BR,2022-02-06 18:53:44,light rain
248,Chapais,49.7834,-74.8492,6.58,93,100,10.71,CA,2022-02-06 18:53:44,light snow
249,Laguna,38.421,-121.4238,64.96,62,0,1.01,US,2022-02-06 18:52:27,clear sky
250,Vostok,46.4856,135.8833,-11.09,99,97,3.98,RU,2022-02-06 18:53:45,overcast clouds
251,Goderich,43.7501,-81.7165,28.9,74,100,17.27,CA,2022-02-06 18:53:45,overcast clouds
252,Te Anau,-45.4167,167.7167,41.56,88,15,1.14,NZ,2022-02-06 18:53:45,few clouds
253,Auki,-8.7676,160.7034,78.87,88,100,7.63,SB,2022-02-06 18:53:46,overcast clouds
254,Vila Franca Do Campo,37.7167,-25.4333,64.2,86,63,12.8,PT,2022-02-06 18:53:46,broken clouds
255,Plouzane,48.3833,-4.6167,53.69,90,100,18.41,FR,2022-02-06 18:53:46,overcast clouds
256,Hinjilikatu,19.4833,84.75,62.82,70,13,2.21,IN,2022-02-06 18:53:47,few clouds
257,Arraial Do Cabo,-22.9661,-42.0278,89.56,62,0,19.57,BR,2022-02-06 18:53:47,clear sky
258,Kouango,4.9934,19.9619,81.61,20,19,2.17,CF,2022-02-06 18:53:47,few clouds
259,Dingle,10.9995,122.6711,73.38,89,63,8.48,PH,2022-02-06 18:51:34,broken clouds
260,Bambous Virieux,-20.3428,57.7575,79.21,89,40,11.5,MU,2022-02-06 18:51:12,scattered clouds
261,Mahebourg,-20.4081,57.7,79.25,89,40,11.5,MU,2022-02-06 18:50:24,scattered clouds
262,Namatanai,-3.6667,152.4333,79.36,79,19,3.33,PG,2022-02-06 18:53:50,few clouds
263,Nhulunbuy,-12.2333,136.7667,75.81,94,100,8.05,AU,2022-02-06 18:53:50,overcast clouds
264,Samarai,-10.6167,150.6667,81.55,78,100,10.76,PG,2022-02-06 18:53:50,light rain
265,Xichang,27.8964,102.2634,42.22,88,85,0.94,CN,2022-02-06 18:53:51,overcast clouds
266,Karwar,14.8,74.1333,73.04,82,99,7.94,IN,2022-02-06 18:53:52,overcast clouds
267,Santiago De Chuco,-8.15,-78.1833,55.65,78,100,1.63,PE,2022-02-06 18:53:52,light rain
268,Pandan,14.0453,124.1694,76.6,87,100,15.05,PH,2022-02-06 18:53:53,overcast clouds
269,College,64.8569,-147.8028,-2.42,78,100,0.0,US,2022-02-06 18:53:53,light snow
270,Westport,41.1415,-73.3579,31.28,61,99,1.01,US,2022-02-06 18:49:35,overcast clouds
271,Luganville,-15.5333,167.1667,77.88,86,100,7.47,VU,2022-02-06 18:53:09,heavy intensity rain
272,Paragominas,-2.9667,-47.4833,82.81,81,97,3.85,BR,2022-02-06 18:54:53,moderate rain
273,Nurota,40.5614,65.6886,35.69,77,96,9.69,UZ,2022-02-06 18:54:54,overcast clouds
274,Belgaum,15.8667,74.5,62.01,96,92,4.63,IN,2022-02-06 18:54:54,overcast clouds
275,Owerri,5.4833,7.0304,82.89,35,5,6.51,NG,2022-02-06 18:54:54,clear sky
276,Kharp,66.8014,65.8081,-12.39,100,98,2.64,RU,2022-02-06 18:54:55,overcast clouds
277,Souillac,-20.5167,57.5167,79.36,89,40,11.5,MU,2022-02-06 18:52:54,scattered clouds
278,Beruwala,6.4788,79.9828,76.6,76,100,3.27,LK,2022-02-06 18:54:55,overcast clouds
279,Tsumeb,-19.2333,17.7167,69.35,80,100,8.5,NA,2022-02-06 18:54:55,overcast clouds
280,Castro,-24.7911,-50.0119,77.86,67,29,6.71,BR,2022-02-06 18:54:56,moderate rain
281,Rawson,-43.3002,-65.1023,75.85,34,7,15.95,AR,2022-02-06 18:54:56,clear sky
282,Saint-Joseph,-21.3667,55.6167,77.38,78,98,11.07,RE,2022-02-06 18:54:56,overcast clouds
283,Bialogard,54.007,15.9875,40.93,97,100,16.4,PL,2022-02-06 18:54:57,light rain
284,Yulara,-25.2406,130.9889,69.64,43,0,6.91,AU,2022-02-06 18:54:57,clear sky
285,Abu Samrah,35.3029,37.1841,48.6,90,100,6.04,SY,2022-02-06 18:54:57,overcast clouds
286,Sao Francisco De Assis,-29.5503,-55.1311,84.9,23,1,17.65,BR,2022-02-06 18:54:58,clear sky
287,Mar Del Plata,-38.0023,-57.5575,66.22,89,100,24.0,AR,2022-02-06 18:54:58,light rain
288,Codrington,-38.2667,141.9667,57.51,77,0,9.08,AU,2022-02-06 18:52:25,clear sky
289,Burnie,-41.0667,145.9167,58.95,79,12,9.4,AU,2022-02-06 18:54:58,few clouds
290,Port Lincoln,-34.7333,135.8667,70.99,69,0,12.59,AU,2022-02-06 18:54:59,clear sky
291,Vestmannaeyjar,63.4427,-20.2734,29.39,74,75,8.05,IS,2022-02-06 18:54:59,broken clouds
292,Collie,-33.3667,116.15,51.98,74,66,8.23,AU,2022-02-06 18:54:59,broken clouds
293,Moose Factory,51.2585,-80.6094,8.6,78,100,10.36,CA,2022-02-06 18:55:00,overcast clouds
294,Porto Novo,6.4965,2.6036,84.02,78,5,6.87,BJ,2022-02-06 18:55:00,clear sky
295,Santana Do Livramento,-30.8908,-55.5328,80.2,24,2,12.5,BR,2022-02-06 18:55:00,clear sky
296,Severnyy,50.677,36.5532,32.04,86,75,8.95,RU,2022-02-06 18:55:00,broken clouds
297,Hofn,64.2539,-15.2082,27.0,67,0,16.11,IS,2022-02-06 18:55:01,clear sky
298,Nokaneng,-19.6667,22.2667,73.69,53,17,6.06,BW,2022-02-06 18:50:47,few clouds
299,Kamenka,51.3223,42.7678,24.75,98,93,5.23,RU,2022-02-06 18:55:01,overcast clouds
300,Puerto Colombia,10.9878,-74.9547,89.69,70,0,22.03,CO,2022-02-06 18:50:34,clear sky
301,Matata,-37.8833,176.75,65.14,96,100,14.47,NZ,2022-02-06 18:50:08,moderate rain
302,Fallon,39.4735,-118.7774,49.91,38,0,5.1,US,2022-02-06 18:55:02,clear sky
303,Alegrete,-29.7831,-55.7919,84.9,21,0,13.94,BR,2022-02-06 18:55:02,clear sky
304,Heihe,50.2441,127.4902,0.39,95,100,2.59,CN,2022-02-06 18:55:02,overcast clouds
305,Mukdahan,16.5833,104.5,66.99,77,87,3.69,TH,2022-02-06 18:55:03,overcast clouds
306,Katsuura,35.1333,140.3,34.11,46,84,9.53,JP,2022-02-06 18:54:32,broken clouds
307,Asfi,32.2994,-9.2372,60.31,75,11,15.82,MA,2022-02-06 18:55:03,few clouds
308,Ongandjera,-17.8833,15.0667,73.87,65,100,6.33,NA,2022-02-06 18:55:03,light rain
309,Puerto Escondido,15.85,-97.0667,85.14,53,1,8.66,MX,2022-02-06 18:55:04,clear sky
310,Emba,48.8264,58.1442,17.37,95,100,10.85,KZ,2022-02-06 18:53:25,overcast clouds
311,Ponta Do Sol,32.6667,-17.1,63.23,53,6,10.54,PT,2022-02-06 18:54:50,clear sky
312,Alamosa,37.4695,-105.87,29.71,82,100,4.0,US,2022-02-06 18:55:04,overcast clouds
313,Yumen,40.2833,97.2,12.67,88,11,14.09,CN,2022-02-06 18:55:04,few clouds
314,Marawi,7.9986,124.2928,64.65,91,25,1.86,PH,2022-02-06 18:55:05,scattered clouds
315,Skjervoy,70.0311,20.9714,32.18,67,92,18.48,NO,2022-02-06 18:55:06,overcast clouds
316,Blairmore,49.6,-114.4353,40.12,48,97,14.97,CA,2022-02-06 18:56:07,overcast clouds
317,Zhanaozen,43.3,52.8,30.36,76,75,7.11,KZ,2022-02-06 18:56:07,broken clouds
318,Ojinaga,29.5667,-104.4167,60.57,30,0,6.91,MX,2022-02-06 18:56:07,clear sky
319,Bonavista,48.6499,-53.1147,17.11,63,100,25.41,CA,2022-02-06 18:56:09,overcast clouds
320,Guerrero Negro,27.9769,-114.0611,66.49,26,0,4.5,MX,2022-02-06 18:56:09,clear sky
321,San Quintin,30.4833,-115.95,64.2,27,0,4.54,MX,2022-02-06 18:56:09,clear sky
322,Nouadhibou,20.931,-17.0347,67.98,88,5,18.41,MR,2022-02-06 18:56:09,clear sky
323,Christchurch,-43.5333,172.6333,55.33,89,100,0.0,NZ,2022-02-06 18:56:10,overcast clouds
324,Omarska,44.89,16.8992,43.99,85,84,5.7,BA,2022-02-06 18:56:11,broken clouds
325,Vestmanna,62.1564,-7.1664,34.72,60,75,29.93,FO,2022-02-06 18:56:12,broken clouds
326,Isangel,-19.55,169.2667,77.11,94,100,13.8,VU,2022-02-06 18:56:12,light rain
327,Gaoua,10.2992,-3.2508,84.67,14,3,2.84,BF,2022-02-06 18:56:12,clear sky
328,Orshanka,56.9161,47.8933,16.23,97,100,3.4,RU,2022-02-06 18:56:13,light snow
329,Faanui,-16.4833,-151.75,81.23,75,100,22.88,PF,2022-02-06 18:56:13,overcast clouds
330,Manuk Mangkaw,4.8,119.85,80.31,78,34,6.35,PH,2022-02-06 18:56:13,scattered clouds
331,Tazovskiy,67.4667,78.7,-22.97,100,98,3.36,RU,2022-02-06 18:51:40,overcast clouds
332,Ola,59.5833,151.2833,-4.86,74,42,11.16,RU,2022-02-06 18:54:20,scattered clouds
333,Rundu,-17.9333,19.7667,72.07,73,100,3.83,NA,2022-02-06 18:56:14,overcast clouds
334,Volnovakha,47.601,37.4967,29.95,86,100,8.1,UA,2022-02-06 18:56:15,overcast clouds
335,Brigantine,39.4101,-74.3646,38.34,63,24,6.24,US,2022-02-06 18:56:15,few clouds
336,Sebina,-20.8667,27.25,67.33,60,10,6.11,BW,2022-02-06 18:56:16,clear sky
337,Teknaf,20.8624,92.3058,59.27,67,95,10.85,BD,2022-02-06 18:56:16,overcast clouds
338,Lavrentiya,65.5833,-171.0,-12.37,93,5,6.89,RU,2022-02-06 18:56:16,clear sky
339,Hithadhoo,-0.6,73.0833,82.47,73,32,12.55,MV,2022-02-06 18:56:16,scattered clouds
340,Asau,46.4333,26.4,41.4,69,100,6.15,RO,2022-02-06 18:56:17,overcast clouds
341,Saldanha,-33.0117,17.9442,68.05,95,38,8.63,ZA,2022-02-06 18:56:17,scattered clouds
342,Belmonte,-15.8631,-38.8828,84.2,63,6,8.9,BR,2022-02-06 18:56:17,clear sky
343,Perth,-31.9333,115.8333,66.33,59,20,12.66,AU,2022-02-06 18:56:18,few clouds
344,Yakima,46.4665,-120.6678,43.7,72,100,3.0,US,2022-02-06 18:56:18,overcast clouds
345,Nyurba,63.2842,118.3319,-3.71,99,100,5.57,RU,2022-02-06 18:56:19,overcast clouds
346,Ormara,25.2088,64.6357,71.65,78,0,13.02,PK,2022-02-06 18:56:20,clear sky
347,Paredon,16.0333,-93.8667,87.8,40,9,10.33,MX,2022-02-06 18:56:20,clear sky
348,Ahipara,-35.1667,173.1667,72.84,98,100,6.71,NZ,2022-02-06 18:53:46,overcast clouds
349,Maceio,-9.6658,-35.7353,87.24,54,0,17.27,BR,2022-02-06 18:56:20,clear sky
350,Quatre Cocos,-20.2078,57.7625,79.09,82,98,11.59,MU,2022-02-06 18:56:21,overcast clouds
351,Henties Bay,-22.116,14.2845,70.86,80,79,9.53,NA,2022-02-06 18:56:21,broken clouds
352,Oskaloosa,41.2964,-92.6444,43.52,56,0,16.11,US,2022-02-06 18:56:21,clear sky
353,Tzucacab,20.0667,-89.05,80.83,55,95,3.91,MX,2022-02-06 18:56:22,overcast clouds
354,Sur,22.5667,59.5289,71.17,71,0,6.67,OM,2022-02-06 18:54:59,clear sky
355,Neiafu,-18.65,-173.9833,79.48,83,100,5.75,TO,2022-02-06 18:53:02,light rain
356,Langenhagen,52.45,9.75,44.56,87,75,18.41,DE,2022-02-06 18:56:23,light intensity shower rain
357,Yining,29.0361,114.5636,34.86,99,100,4.16,CN,2022-02-06 18:56:23,snow
358,Niceville,30.5169,-86.4822,62.58,53,0,5.75,US,2022-02-06 18:51:27,clear sky
359,Orbetello,42.4408,11.2196,51.8,85,42,10.42,IT,2022-02-06 18:56:24,scattered clouds
360,Ovruch,51.3246,28.8035,32.22,92,100,11.41,UA,2022-02-06 18:56:24,overcast clouds
361,Tombouctou,20.0,-3.0,70.05,9,0,7.4,ML,2022-02-06 18:56:24,clear sky
362,Lompoc,34.6391,-120.4579,75.13,42,0,1.01,US,2022-02-06 18:56:26,clear sky
363,Airai,-8.9266,125.4092,60.82,89,92,1.16,TL,2022-02-06 18:57:26,overcast clouds
364,Leningradskiy,69.3833,178.4167,-22.76,98,28,6.62,RU,2022-02-06 18:57:26,scattered clouds
365,Peddapalli,18.6167,79.3667,68.13,31,57,1.05,IN,2022-02-06 18:57:27,broken clouds
366,Anchorage,61.2181,-149.9003,27.32,90,20,3.0,US,2022-02-06 18:55:49,few clouds
367,Ancud,-41.8697,-73.8203,75.22,66,10,6.38,CL,2022-02-06 18:57:27,clear sky
368,Lithakia,37.7167,20.8333,56.59,86,38,7.52,GR,2022-02-06 18:57:27,scattered clouds
369,Ishigaki,24.3448,124.1572,65.41,69,100,16.71,JP,2022-02-06 18:57:28,overcast clouds
370,Keti Bandar,24.1447,67.4497,70.38,66,0,11.27,PK,2022-02-06 18:57:28,clear sky
371,Fairbanks,64.8378,-147.7164,-1.7,77,100,0.0,US,2022-02-06 18:56:26,light snow
372,Barguzin,53.6167,109.6167,4.24,94,65,2.44,RU,2022-02-06 18:57:28,broken clouds
373,Obo,5.3998,26.4869,74.39,20,99,6.24,CF,2022-02-06 18:57:29,overcast clouds
374,Cabedelo,-6.9811,-34.8339,86.67,62,20,10.45,BR,2022-02-06 18:54:17,few clouds
375,Tuskegee,32.424,-85.6916,56.08,67,0,5.01,US,2022-02-06 18:57:29,clear sky
376,Klaksvik,62.2266,-6.589,36.52,59,81,35.88,FO,2022-02-06 18:57:29,broken clouds
377,Tungor,53.3808,142.9564,0.9,92,100,21.54,RU,2022-02-06 18:57:30,overcast clouds
378,Bronnoysund,65.4625,12.1997,32.11,80,75,14.97,NO,2022-02-06 18:57:30,broken clouds
379,Zhigansk,66.7697,123.3711,-25.56,99,96,6.49,RU,2022-02-06 18:54:01,overcast clouds
380,Envira,-7.3,-70.2167,80.51,89,99,3.58,BR,2022-02-06 18:57:30,overcast clouds
381,Padre Bernardo,-15.35,-48.5,76.03,82,100,4.07,BR,2022-02-06 18:57:31,overcast clouds
382,Haicheng,40.8516,122.7475,11.93,92,8,2.93,CN,2022-02-06 18:57:31,clear sky
383,Morgan City,29.6994,-91.2068,55.99,45,0,1.59,US,2022-02-06 18:57:31,clear sky
384,Beloha,-25.1667,45.05,74.12,94,100,19.26,MG,2022-02-06 18:52:58,moderate rain
385,Los Llanos De Aridane,28.6585,-17.9182,64.15,70,40,18.99,ES,2022-02-06 18:53:39,scattered clouds
386,Nishihara,26.1842,127.7558,58.28,58,100,9.22,JP,2022-02-06 18:57:03,overcast clouds
387,Nemuro,43.3236,145.575,24.96,74,97,16.84,JP,2022-02-06 18:53:33,overcast clouds
388,Kangaatsiaq,68.3065,-53.4641,2.01,88,100,5.46,GL,2022-02-06 18:57:32,overcast clouds
389,Maniitsoq,65.4167,-52.9,3.96,72,100,14.61,GL,2022-02-06 18:57:32,overcast clouds
390,Verkh-Usugli,52.7,115.1667,-9.2,99,37,3.31,RU,2022-02-06 18:57:32,scattered clouds
391,Ruy Barbosa,-12.2839,-40.4939,87.55,46,100,3.06,BR,2022-02-06 18:57:33,overcast clouds
392,Lebedyn,50.5852,34.4849,30.22,94,100,8.84,UA,2022-02-06 18:57:07,overcast clouds
393,Pakxan,18.3778,103.6601,66.18,78,88,2.51,LA,2022-02-06 18:57:33,overcast clouds
394,Fayaoue,-20.65,166.5333,82.0,79,61,11.01,NC,2022-02-06 18:57:33,broken clouds
395,Kang,-23.6752,22.7876,73.24,50,14,6.93,BW,2022-02-06 18:57:34,few clouds
396,Winnemucca,40.973,-117.7357,43.11,35,4,3.11,US,2022-02-06 18:57:34,clear sky
397,Muroto,33.2833,134.15,40.28,55,22,9.75,JP,2022-02-06 18:57:34,few clouds
398,Kyra,49.5776,111.9753,2.52,93,84,4.52,RU,2022-02-06 18:57:35,broken clouds
399,Ipanema,-30.1391,-51.2244,82.65,57,40,17.27,BR,2022-02-06 18:57:35,scattered clouds
400,Vernon,50.2581,-119.2691,40.6,81,34,1.14,CA,2022-02-06 18:52:52,scattered clouds
401,Deputatskiy,69.3,139.9,-34.47,98,88,5.23,RU,2022-02-06 18:57:35,overcast clouds
402,Houston,29.7633,-95.3633,59.4,57,20,1.01,US,2022-02-06 18:55:45,few clouds
403,Qaqortoq,60.7167,-46.0333,10.47,68,100,4.81,GL,2022-02-06 18:57:36,overcast clouds
404,Shimoda,34.6667,138.95,36.1,72,50,10.58,JP,2022-02-06 18:57:36,scattered clouds
405,The Valley,18.217,-63.0578,77.14,73,75,14.97,AI,2022-02-06 18:54:05,broken clouds
406,Vanimo,-2.6741,141.3028,77.63,87,100,5.12,PG,2022-02-06 18:57:36,overcast clouds
407,Santo Tomas,14.1079,121.1414,77.25,87,99,7.56,PH,2022-02-06 18:57:37,overcast clouds
408,Naranjal,-2.6667,-79.6167,73.2,80,96,1.72,EC,2022-02-06 18:57:37,light rain
409,Stornoway,58.2093,-6.3865,38.93,75,75,5.01,GB,2022-02-06 18:57:37,broken clouds
410,Isla Mujeres,21.2311,-86.731,77.16,81,34,9.33,MX,2022-02-06 18:55:02,scattered clouds
411,Caravelas,-17.7125,-39.2481,83.34,65,7,10.25,BR,2022-02-06 18:57:00,clear sky
412,Aden,12.7794,45.0367,77.94,66,83,11.03,YE,2022-02-06 18:58:38,broken clouds
413,Broken Hill,-31.95,141.4333,71.31,40,75,12.66,AU,2022-02-06 18:53:42,broken clouds
414,Cherskiy,68.75,161.3,-31.16,100,24,1.1,RU,2022-02-06 18:56:55,few clouds
415,Nizhniy Baskunchak,48.2198,46.8311,23.68,91,100,3.62,RU,2022-02-06 18:58:38,overcast clouds
416,Olafsvik,64.8945,-23.7142,28.08,70,100,16.98,IS,2022-02-06 18:58:39,overcast clouds
417,Ganzhou,28.8184,115.4327,35.92,98,100,5.28,CN,2022-02-06 18:58:39,light rain
418,Malanje,-9.5402,16.341,66.58,70,100,5.55,AO,2022-02-06 18:58:39,overcast clouds
419,Aginskoye,51.1,114.53,11.03,86,61,12.12,RU,2022-02-06 18:58:39,broken clouds
420,Port Augusta,-32.5,137.7667,71.71,32,1,12.28,AU,2022-02-06 18:58:40,clear sky
421,Miri,4.4148,114.0089,75.34,100,40,0.0,MY,2022-02-06 18:58:40,scattered clouds
422,Jining,35.405,116.5814,34.27,30,100,1.54,CN,2022-02-06 18:58:40,overcast clouds
423,Arlit,18.7369,7.3853,68.68,9,0,5.28,NE,2022-02-06 18:55:09,clear sky
424,Belaya Gora,68.5333,146.4167,-42.79,100,69,0.92,RU,2022-02-06 18:58:20,broken clouds
425,Bahir Dar,11.5936,37.3908,67.21,55,57,3.65,ET,2022-02-06 18:53:57,light rain
426,Turukhansk,65.8167,87.9833,-12.87,100,86,3.02,RU,2022-02-06 18:56:47,overcast clouds
427,Kedrovyy,56.1667,91.8167,19.81,87,100,4.56,RU,2022-02-06 18:58:41,overcast clouds
428,Touros,-5.1989,-35.4608,88.7,63,1,13.51,BR,2022-02-06 18:58:41,clear sky
429,Bowen,-20.0167,148.2333,71.82,81,76,12.41,AU,2022-02-06 18:58:42,broken clouds
430,Palora,-1.7,-77.9333,73.38,85,98,1.39,EC,2022-02-06 18:58:42,light rain
431,Ayabe,35.3,135.25,35.65,98,100,0.67,JP,2022-02-06 18:58:42,light snow
432,Puerto Penasco,31.3167,-113.5333,61.92,47,0,4.0,MX,2022-02-06 18:58:43,clear sky
433,Maltahohe,-24.8333,16.9833,70.16,66,100,16.82,NA,2022-02-06 18:58:43,light rain
434,Moree,-29.4667,149.85,59.02,72,0,6.91,AU,2022-02-06 18:58:43,clear sky
435,Berliste,44.9867,21.4631,47.98,67,18,6.49,RO,2022-02-06 18:58:44,few clouds
436,Dabat,12.9842,37.765,53.51,48,0,3.8,ET,2022-02-06 18:58:44,clear sky
437,Mayumba,-3.432,10.6554,78.04,87,65,4.03,GA,2022-02-06 18:58:44,broken clouds
438,Celestun,20.8667,-90.4,73.67,77,93,15.48,MX,2022-02-06 18:58:45,overcast clouds
439,Hammerfest,70.6634,23.6821,31.73,74,0,13.8,NO,2022-02-06 18:56:48,clear sky
440,Simplicio Mendes,-7.8539,-41.9103,93.22,34,100,5.12,BR,2022-02-06 18:58:46,overcast clouds
441,Spirit River,55.7833,-118.8361,41.76,62,95,22.48,CA,2022-02-06 18:58:47,overcast clouds
442,Chifeng,42.2683,118.9636,9.14,80,4,5.7,CN,2022-02-06 18:58:47,clear sky
443,Yeppoon,-23.1333,150.7333,67.78,76,10,13.24,AU,2022-02-06 18:58:47,clear sky
444,Coahuayana,18.7333,-103.6833,88.77,30,5,7.61,MX,2022-02-06 18:58:18,clear sky
445,Birin,26.8865,88.0718,42.1,84,40,2.26,NP,2022-02-06 18:58:48,scattered clouds
446,Pokhara,28.2333,83.9833,47.82,83,14,2.89,NP,2022-02-06 18:58:48,few clouds
447,Ponta Delgada,37.7333,-25.6667,64.51,88,40,16.11,PT,2022-02-06 18:58:48,scattered clouds
448,Narsaq,60.9167,-46.05,9.37,72,100,1.16,GL,2022-02-06 18:58:50,overcast clouds
449,Cabatuan,10.8794,122.486,73.76,87,66,12.08,PH,2022-02-06 18:58:50,broken clouds
450,North Bend,43.4065,-124.2243,54.86,100,9,3.58,US,2022-02-06 18:58:50,clear sky
451,Boende,-0.2167,20.8667,81.36,42,100,0.34,CD,2022-02-06 18:58:51,overcast clouds
452,Pyaozerskiy,65.8333,31.1667,13.64,95,100,9.57,RU,2022-02-06 18:58:51,overcast clouds
453,Kishi,9.0833,3.85,83.82,14,0,4.41,NG,2022-02-06 18:58:51,clear sky
454,Lindenhurst,40.6868,-73.3735,32.23,64,94,1.01,US,2022-02-06 18:54:15,overcast clouds
455,Sayyan,15.1718,44.3244,54.28,45,53,4.79,YE,2022-02-06 18:55:34,broken clouds
456,Aksarka,66.5606,67.7975,-17.27,100,87,6.53,RU,2022-02-06 18:59:52,overcast clouds
457,Sechura,-5.5569,-80.8222,82.72,54,26,14.7,PE,2022-02-06 18:59:52,scattered clouds
458,Rincon,32.296,-81.2354,43.25,75,100,14.97,US,2022-02-06 18:59:52,overcast clouds
459,Chabahar,25.2919,60.643,71.1,67,0,10.07,IR,2022-02-06 18:59:53,clear sky
460,Sinnamary,5.3833,-52.95,81.88,75,100,9.33,GF,2022-02-06 18:55:29,moderate rain
461,Delta,5.5,6.0,82.06,67,0,8.77,NG,2022-02-06 18:59:53,clear sky
462,Kudahuvadhoo,2.6708,72.8944,81.88,64,30,10.56,MV,2022-02-06 18:59:53,scattered clouds
463,Axim,4.8699,-2.2405,80.15,79,54,7.9,GH,2022-02-06 18:57:11,broken clouds
464,Ferme-Neuve,46.7001,-75.4493,10.18,72,100,10.85,CA,2022-02-06 18:59:54,overcast clouds
465,Safranbolu,41.2508,32.6942,30.29,95,57,0.43,TR,2022-02-06 18:59:54,broken clouds
466,Shaowu,27.3409,117.4831,47.55,99,100,4.7,CN,2022-02-06 18:59:54,light rain
467,Aasiaat,68.7098,-52.8699,-0.35,91,100,1.52,GL,2022-02-06 18:58:58,overcast clouds
468,Havre-Saint-Pierre,50.2334,-63.5986,5.59,51,0,16.11,CA,2022-02-06 18:58:51,clear sky
469,Presidencia Roque Saenz Pena,-26.7852,-60.4388,87.03,26,0,9.19,AR,2022-02-06 18:59:55,clear sky
470,Praia Da Vitoria,38.7333,-27.0667,59.76,100,75,16.06,PT,2022-02-06 18:59:55,mist
471,Sapele,5.8941,5.6767,80.46,70,0,8.19,NG,2022-02-06 18:59:55,clear sky
472,Saint-Marc,19.1082,-72.6938,82.31,55,24,5.1,HT,2022-02-06 18:59:56,few clouds
473,Belaya Kholunitsa,58.84,50.8528,18.46,97,100,4.09,RU,2022-02-06 18:59:56,snow
474,Bengkulu,-3.8004,102.2655,76.1,88,100,9.84,ID,2022-02-06 18:55:19,overcast clouds
475,Pokrovsk,48.282,37.1758,29.01,94,100,6.69,UA,2022-02-06 18:59:56,overcast clouds
476,Colares,38.7992,-9.4469,60.3,49,0,5.01,PT,2022-02-06 18:59:57,clear sky
477,San Patricio,28.017,-97.5169,64.49,60,6,5.26,US,2022-02-06 18:56:27,clear sky
478,Flin Flon,54.7682,-101.865,-9.56,64,75,5.75,CA,2022-02-06 18:59:57,broken clouds
479,Havoysund,70.9963,24.6622,27.48,72,3,26.04,NO,2022-02-06 18:59:57,clear sky
480,Katima Mulilo,-17.5,24.2667,66.38,93,16,5.14,NA,2022-02-06 18:59:58,few clouds
481,Cap-Aux-Meules,47.3821,-61.8597,14.05,67,75,16.11,CA,2022-02-06 18:59:58,broken clouds
482,Jardim,-21.4803,-56.1381,87.55,44,87,10.92,BR,2022-02-06 18:55:00,overcast clouds
483,Mantua,45.1667,10.7833,46.81,89,96,5.01,IT,2022-02-06 18:59:58,overcast clouds
484,Anapolis,-16.3267,-48.9528,79.27,69,75,9.22,BR,2022-02-06 18:59:59,broken clouds
485,Port Macquarie,-31.4333,152.9167,62.89,77,94,12.62,AU,2022-02-06 18:59:59,overcast clouds
486,Manggar,-2.8833,108.2667,78.93,86,100,9.06,ID,2022-02-06 18:59:59,light rain
487,Nome,64.5011,-165.4064,-11.29,88,0,9.15,US,2022-02-06 18:55:10,clear sky
488,Tanete,-3.9443,119.7848,74.89,95,100,1.19,ID,2022-02-06 19:00:00,overcast clouds
489,Malyye Derbety,47.9547,44.6808,28.87,98,100,5.41,RU,2022-02-06 19:00:00,light snow
490,Jiangyou,31.7667,104.7167,38.41,94,100,3.31,CN,2022-02-06 19:00:01,overcast clouds
491,Inhambane,-23.865,35.3833,78.03,76,24,15.21,MZ,2022-02-06 19:00:02,few clouds
492,Comodoro Rivadavia,-45.8667,-67.5,66.96,57,6,10.36,AR,2022-02-06 19:00:03,clear sky
493,Rio Gallegos,-51.6226,-69.2181,77.05,33,40,19.57,AR,2022-02-06 18:56:07,scattered clouds
494,Bradford,53.7939,-1.7521,42.62,82,40,26.46,GB,2022-02-06 19:00:05,scattered clouds
495,Santa Maria,-29.6842,-53.8069,86.11,24,5,12.97,BR,2022-02-06 19:00:06,clear sky
496,Fort Dodge,42.4975,-94.168,30.29,74,100,14.97,US,2022-02-06 19:00:08,overcast clouds
497,Bulawayo,-20.15,28.5833,63.66,69,34,7.78,ZW,2022-02-06 19:00:10,scattered clouds
498,Tigil,57.8,158.6667,2.57,86,69,5.84,RU,2022-02-06 19:00:10,broken clouds
499,High Level,58.5169,-117.136,34.23,85,28,5.82,CA,2022-02-06 18:55:17,scattered clouds
500,Bandarbeyla,9.4942,50.8122,75.87,72,100,14.9,SO,2022-02-06 19:00:12,overcast clouds
501,Andenes,69.3143,16.1194,31.98,74,75,10.36,NO,2022-02-06 19:00:12,broken clouds
502,Pudozh,61.8099,36.5345,14.27,93,98,7.76,RU,2022-02-06 19:00:15,overcast clouds
503,Muravlenko,63.7898,74.523,-19.1,100,91,5.57,RU,2022-02-06 19:01:15,overcast clouds
504,Tari,12.4086,4.4914,78.8,14,0,10.02,NG,2022-02-06 18:57:00,clear sky
505,Olkhovka,53.2115,60.6069,7.43,95,100,3.69,RU,2022-02-06 19:01:16,overcast clouds
506,Sungairaya,0.7,108.9,76.68,93,100,3.62,ID,2022-02-06 19:01:01,overcast clouds
507,Pacific Grove,36.6177,-121.9166,66.81,53,0,3.0,US,2022-02-06 19:01:16,clear sky
508,Yingcheng,30.95,113.55,32.0,98,100,10.65,CN,2022-02-06 19:01:17,light snow
509,Vanavara,60.34,102.2797,-13.76,100,93,2.48,RU,2022-02-06 18:59:31,overcast clouds
510,Poltava,49.5937,34.5407,25.81,93,90,8.41,UA,2022-02-06 19:01:17,overcast clouds
511,Strezhevoy,60.7333,77.5889,3.18,96,73,9.28,RU,2022-02-06 19:01:17,broken clouds
512,Abu Dhabi,24.4667,54.3667,66.31,62,20,1.99,AE,2022-02-06 18:59:12,few clouds
513,Jhol,25.9551,68.8882,65.53,75,0,8.68,PK,2022-02-06 19:01:18,clear sky
514,Langham,52.3668,-106.9679,24.67,92,100,7.34,CA,2022-02-06 19:01:18,overcast clouds
515,Shuya,56.8487,41.3883,11.19,98,100,4.7,RU,2022-02-06 19:01:18,overcast clouds
516,Yarada,17.65,83.2667,70.12,83,20,2.3,IN,2022-02-06 19:01:19,mist
517,Along,28.1667,94.7667,48.25,96,54,0.6,IN,2022-02-06 19:01:19,broken clouds
518,Lata,40.1629,-8.3327,52.81,61,1,3.94,PT,2022-02-06 18:57:28,clear sky
519,Palmer,42.1584,-72.3287,29.28,41,100,3.0,US,2022-02-06 19:01:20,overcast clouds
520,Matara,5.9485,80.5353,75.6,79,82,2.57,LK,2022-02-06 19:01:20,broken clouds
521,Bria,6.5423,21.9863,78.06,18,100,4.14,CF,2022-02-06 19:01:20,overcast clouds
522,Ahuimanu,21.4447,-157.8378,75.85,80,37,5.01,US,2022-02-06 19:01:21,scattered clouds
523,Tamandare,-8.7597,-35.1047,83.55,62,69,12.84,BR,2022-02-06 19:01:21,broken clouds
524,Sangar,63.9242,127.4739,-35.12,97,92,4.07,RU,2022-02-06 19:01:21,overcast clouds
525,Kotido,2.9806,34.1331,78.19,29,100,9.35,UG,2022-02-06 19:01:21,overcast clouds
526,Porto Santo,33.072,-16.3415,62.51,67,40,16.11,PT,2022-02-06 19:01:22,scattered clouds
527,Maragogi,-9.0122,-35.2225,82.74,66,100,14.25,BR,2022-02-06 19:01:22,overcast clouds
528,Gamba,-2.65,10.0,77.59,84,64,5.5,GA,2022-02-06 19:01:23,broken clouds
529,Mikumi,-7.4041,36.9831,71.67,90,100,2.17,TZ,2022-02-06 19:01:23,light rain
530,Saint-Pierre,-21.3393,55.4781,78.48,78,0,4.61,RE,2022-02-06 19:00:01,clear sky
531,Ouadda,8.0777,22.4007,71.53,18,52,7.09,CF,2022-02-06 19:01:03,broken clouds
532,Suez,29.9737,32.5263,58.28,57,0,3.4,EG,2022-02-06 19:00:34,clear sky
533,Marzuq,14.4,46.4667,65.86,32,100,1.74,YE,2022-02-06 19:01:24,overcast clouds
534,Gewane,10.1664,40.6453,79.81,49,63,15.5,ET,2022-02-06 19:01:24,broken clouds
535,Camacupa,-12.0167,17.4833,65.08,60,100,4.81,AO,2022-02-06 19:01:24,overcast clouds
536,Karratha,-20.7377,116.8463,83.79,80,1,5.55,AU,2022-02-06 19:01:25,clear sky
537,Tuni,17.35,82.55,67.95,78,43,2.62,IN,2022-02-06 19:01:25,scattered clouds
538,Sterling,39.0062,-77.4286,38.32,47,0,1.01,US,2022-02-06 19:00:44,clear sky
539,Iranshahr,27.2025,60.6848,65.03,38,0,3.62,IR,2022-02-06 19:01:25,clear sky
540,Soyo,-6.1349,12.3689,78.03,83,29,9.95,AO,2022-02-06 19:01:26,scattered clouds
541,Atar,20.5169,-13.0499,80.96,8,0,8.86,MR,2022-02-06 19:01:26,clear sky
542,Ostrovnoy,68.0531,39.5131,13.96,86,98,22.37,RU,2022-02-06 19:01:26,overcast clouds
543,Tianpeng,30.9866,103.9393,34.38,95,61,3.09,CN,2022-02-06 19:01:26,broken clouds
544,Waddan,29.1614,16.139,62.04,18,7,6.49,LY,2022-02-06 19:01:27,clear sky
545,Mgandu,-5.95,34.1333,61.75,93,100,2.93,TZ,2022-02-06 19:02:27,light rain
546,Kirakira,-10.4544,161.9205,80.85,86,99,7.78,SB,2022-02-06 19:02:27,overcast clouds
547,Viesca,25.35,-102.8,61.16,29,87,3.13,MX,2022-02-06 19:02:28,overcast clouds
548,Klyuchi,52.2667,79.1667,-3.51,99,32,4.05,RU,2022-02-06 19:02:28,scattered clouds
549,Pitsunda,43.1592,40.3378,35.78,81,80,5.95,GE,2022-02-06 19:02:28,broken clouds
550,Kyaikto,17.3,97.0167,72.7,78,84,4.34,MM,2022-02-06 19:02:29,broken clouds
551,Ponca City,36.707,-97.0856,48.02,57,1,8.57,US,2022-02-06 19:02:29,clear sky
552,Carballo,43.213,-8.691,53.29,93,73,1.5,ES,2022-02-06 19:02:29,broken clouds
553,Alice Springs,-23.7,133.8833,60.35,94,0,4.61,AU,2022-02-06 19:02:30,clear sky
554,Aklavik,68.2191,-135.0107,-14.73,91,100,18.3,CA,2022-02-06 19:02:30,overcast clouds
555,Tual,-5.6667,132.75,82.83,76,100,6.46,ID,2022-02-06 19:02:30,overcast clouds
556,Uruzgan,32.8333,66.0,39.13,44,0,2.77,AF,2022-02-06 19:02:31,clear sky
557,Gravdal,68.1214,13.5031,33.48,69,40,4.61,NO,2022-02-06 19:02:31,scattered clouds
558,Tambopata,-12.7333,-69.1833,86.68,59,100,1.74,PE,2022-02-06 19:02:31,heavy intensity rain
559,Puga,21.5833,-104.8167,82.78,38,40,11.5,MX,2022-02-06 19:02:32,scattered clouds
560,Valley City,46.9233,-98.0032,3.94,78,40,12.66,US,2022-02-06 19:00:07,scattered clouds
561,Sirjan,29.452,55.6814,45.88,31,0,2.55,IR,2022-02-06 19:02:32,clear sky
562,Toppenish,46.3774,-120.3087,45.21,77,100,0.38,US,2022-02-06 19:02:32,overcast clouds
563,Faya,18.3851,42.4509,54.48,77,6,1.81,SA,2022-02-06 19:02:33,clear sky
564,Karaidel,55.8337,56.9069,13.19,97,100,2.89,RU,2022-02-06 19:02:33,overcast clouds
565,Bilma,18.6853,12.9164,65.66,14,0,8.52,NE,2022-02-06 19:02:33,clear sky
566,Vila Velha,-20.3297,-40.2925,85.95,80,20,7.0,BR,2022-02-06 18:58:16,few clouds
567,Miyako,39.6367,141.9525,25.97,60,11,9.35,JP,2022-02-06 19:02:34,few clouds
568,Potsdam,52.3989,13.0657,42.06,95,100,5.01,DE,2022-02-06 19:02:34,overcast clouds
569,Tukrah,32.5341,20.5791,57.85,70,100,5.84,LY,2022-02-06 19:02:35,overcast clouds
570,Techiman,7.5862,-1.9414,84.85,31,6,4.05,GH,2022-02-06 19:02:35,clear sky
571,Progreso,21.2833,-89.6667,71.71,74,74,11.23,MX,2022-02-06 19:02:35,broken clouds
572,Sarandi,-23.4436,-51.8739,79.72,66,66,9.57,BR,2022-02-06 19:02:36,broken clouds
573,Verkhnevilyuysk,63.4453,120.3167,-7.22,98,100,5.66,RU,2022-02-06 19:02:36,overcast clouds
574,Burdur,37.7203,30.2908,34.32,74,0,6.91,TR,2022-02-06 19:02:37,clear sky
575,Plettenberg Bay,-34.0527,23.3716,74.48,64,94,5.57,ZA,2022-02-06 19:02:37,overcast clouds
576,Tateyama,34.9833,139.8667,34.02,50,98,10.69,JP,2022-02-06 19:02:37,overcast clouds
577,Tulun,54.5611,100.5792,9.61,97,100,2.42,RU,2022-02-06 19:02:38,overcast clouds
578,Smolenka,52.1352,113.4974,8.67,85,66,4.47,RU,2022-02-06 19:02:38,broken clouds
579,Banjar,-8.19,114.9675,78.66,92,99,2.64,ID,2022-02-06 19:02:38,overcast clouds
580,Kailua,21.4022,-157.7394,76.14,79,22,5.99,US,2022-02-06 19:02:39,few clouds
581,Suluq,31.6682,20.2521,57.87,63,100,2.89,LY,2022-02-06 19:02:39,overcast clouds
582,Chunskiy,56.0815,99.6342,12.85,98,100,2.42,RU,2022-02-06 19:02:39,overcast clouds
583,Valparaiso,-33.0393,-71.6273,67.64,72,40,14.97,CL,2022-02-06 18:57:47,scattered clouds
584,Mezen,65.8522,44.24,16.74,92,100,11.1,RU,2022-02-06 19:02:40,overcast clouds
585,Sakaiminato,35.55,133.2333,38.05,72,100,4.52,JP,2022-02-06 19:02:40,overcast clouds
586,La Ronge,55.1001,-105.2842,-1.95,78,100,8.05,CA,2022-02-06 18:57:51,overcast clouds
587,Noyabrsk,63.1994,75.4507,-12.1,100,73,8.63,RU,2022-02-06 19:03:40,broken clouds
588,Batagay,67.6333,134.6333,-30.48,95,100,1.68,RU,2022-02-06 19:03:41,overcast clouds
589,Vangaindrano,-23.35,47.6,77.63,93,100,14.58,MG,2022-02-06 19:03:41,moderate rain
590,Arkadak,51.9326,43.4978,13.89,98,100,5.28,RU,2022-02-06 19:03:41,overcast clouds
591,Kanda,33.7833,130.9833,38.25,70,18,6.06,JP,2022-02-06 19:03:42,few clouds
592,Atambua,-9.1061,124.8925,74.55,85,45,1.39,ID,2022-02-06 19:03:42,scattered clouds
593,Gerede,40.8008,32.1969,18.23,93,23,6.13,TR,2022-02-06 19:03:42,few clouds
594,Trapani,37.8333,12.6667,55.35,85,100,6.64,IT,2022-02-06 19:03:43,overcast clouds
595,Kyren,51.6828,102.1408,7.75,83,26,2.33,RU,2022-02-06 19:03:43,scattered clouds
596,Luba,3.4568,8.5547,80.49,82,6,9.08,GQ,2022-02-06 18:58:47,clear sky
597,Sorong,-0.8833,131.25,80.29,81,100,11.25,ID,2022-02-06 19:03:44,overcast clouds
598,Vallenar,-28.5708,-70.7581,87.82,22,0,11.48,CL,2022-02-06 18:59:56,clear sky
599,Reinosa,42.9996,-4.138,41.22,88,100,3.78,ES,2022-02-06 19:03:44,overcast clouds
600,Semnan,35.5729,53.3971,39.43,52,4,3.44,IR,2022-02-06 19:03:45,clear sky
601,Sakakah,29.9697,40.2064,51.37,51,1,8.41,SA,2022-02-06 18:59:02,clear sky
602,Mont-De-Marsan,44.0,-0.6667,50.22,91,100,4.61,FR,2022-02-06 19:03:45,overcast clouds
603,Taltal,-25.4,-70.4833,71.62,62,24,5.68,CL,2022-02-06 19:00:20,few clouds
604,Sinnar,13.5691,33.5672,71.1,15,3,13.29,SD,2022-02-06 19:03:46,clear sky
605,Shingu,33.7333,135.9833,38.91,73,33,6.02,JP,2022-02-06 19:03:46,scattered clouds
606,Ternate,0.8,127.4,80.01,80,100,7.9,ID,2022-02-06 19:03:46,moderate rain
607,Dalby,-27.1833,151.2667,54.99,91,0,8.81,AU,2022-02-06 19:03:47,light rain
608,Makarov,48.6333,142.8,5.16,92,39,6.33,RU,2022-02-06 19:03:47,scattered clouds
609,Ngorongoro,-3.2397,35.4875,54.91,85,100,3.98,TZ,2022-02-06 19:03:47,overcast clouds
610,Puerto Baquerizo Moreno,-0.9,-89.6,81.59,65,20,17.27,EC,2022-02-06 19:03:47,few clouds
611,Middelburg,-25.7751,29.4648,61.57,74,34,11.36,ZA,2022-02-06 19:01:04,scattered clouds
612,Aleksandrov Gay,50.147,48.5704,10.81,94,100,7.31,RU,2022-02-06 19:03:48,overcast clouds
613,Togur,58.3631,82.8265,5.47,96,100,4.56,RU,2022-02-06 19:03:48,overcast clouds
614,Brownsville,25.9018,-97.4975,61.99,69,70,5.97,US,2022-02-06 19:00:28,broken clouds
615,Ettlingen,48.9409,8.4076,47.03,86,100,1.99,DE,2022-02-06 19:03:49,light rain
616,Malvern,34.3623,-92.813,48.34,47,0,4.07,US,2022-02-06 19:03:49,clear sky
617,Marrakesh,31.6315,-8.0083,71.67,37,75,6.91,MA,2022-02-06 19:02:08,broken clouds
618,Richards Bay,-28.783,32.0377,72.01,91,28,4.65,ZA,2022-02-06 18:59:33,moderate rain
619,Labuhan,-6.8844,112.2051,77.36,91,100,6.87,ID,2022-02-06 19:03:49,overcast clouds
620,Samandag,36.0842,35.9771,48.72,83,99,2.62,TR,2022-02-06 19:03:50,overcast clouds
621,Lamu,-2.2717,40.902,79.02,87,100,15.46,KE,2022-02-06 19:03:50,overcast clouds
622,Calabozo,8.9242,-67.4293,93.7,33,27,6.46,VE,2022-02-06 19:03:50,scattered clouds
623,Kodinsk,58.6881,99.1844,8.15,99,100,1.48,RU,2022-02-06 19:03:51,overcast clouds
624,Umm Kaddadah,13.6017,26.6876,60.57,18,100,14.72,SD,2022-02-06 19:01:44,overcast clouds
625,Presov,49.1667,21.25,38.48,76,100,1.99,SK,2022-02-06 19:03:51,overcast clouds
626,Parabel,58.6978,81.4825,1.81,99,29,5.19,RU,2022-02-06 19:03:51,scattered clouds
627,Schenectady,42.8334,-74.0829,24.35,58,0,13.8,US,2022-02-06 19:00:16,clear sky
628,Hailar,49.2,119.7,-10.12,100,97,6.55,CN,2022-02-06 19:03:52,overcast clouds
629,Mujiayingzi,42.1167,118.7833,8.85,80,1,6.17,CN,2022-02-06 19:03:52,clear sky
630,Kanniyakumari,8.0833,77.5667,77.97,73,98,10.02,IN,2022-02-06 19:03:52,overcast clouds
631,Mana,5.6592,-53.7767,81.79,73,98,7.92,GF,2022-02-06 19:03:53,overcast clouds
632,Myanaung,18.2833,95.3167,63.45,52,98,1.21,MM,2022-02-06 19:03:53,overcast clouds
633,Bathsheba,13.2167,-59.5167,80.15,72,29,14.0,BB,2022-02-06 19:02:03,scattered clouds
634,Fort Nelson,58.8053,-122.7002,34.59,81,100,3.78,CA,2022-02-06 19:00:24,overcast clouds
635,Bamberg,49.8795,10.8863,41.31,96,100,19.48,DE,2022-02-06 19:04:54,light rain
636,Borovichi,58.3878,33.9155,30.18,89,100,9.24,RU,2022-02-06 19:04:54,overcast clouds
637,Inta,66.0317,60.1659,-1.93,91,51,5.3,RU,2022-02-06 19:04:54,broken clouds
638,Tahta,26.7693,31.5021,57.56,43,0,7.96,EG,2022-02-06 19:04:55,clear sky
639,Kiunga,-6.1219,141.2906,72.23,99,100,1.57,PG,2022-02-06 19:04:55,light rain
640,Purranque,-40.9167,-73.1667,81.28,27,5,5.99,CL,2022-02-06 19:04:55,clear sky
641,Fortuna,40.5982,-124.1573,60.93,65,0,1.01,US,2022-02-06 19:04:55,clear sky
642,La Rioja,42.25,-2.5,39.31,72,14,5.23,ES,2022-02-06 19:04:56,few clouds
643,Kachug,53.9606,105.8817,3.51,99,95,2.71,RU,2022-02-06 19:04:56,overcast clouds
644,Kambove,-10.8764,26.5969,61.9,97,100,3.06,CD,2022-02-06 19:04:56,moderate rain
645,Santa Engracia,41.9406,-1.3245,50.14,57,8,17.43,ES,2022-02-06 19:04:57,clear sky
646,Ekibastuz,51.6667,75.3667,14.9,68,3,16.17,KZ,2022-02-06 19:04:57,clear sky
647,Mount Gambier,-37.8333,140.7667,59.36,63,0,5.23,AU,2022-02-06 19:04:57,clear sky
648,Hinesburg,44.3292,-73.1107,25.18,48,75,5.99,US,2022-02-06 19:04:58,broken clouds
649,Skibotn,69.3913,20.2679,30.29,88,100,17.11,NO,2022-02-06 19:04:58,overcast clouds
650,Okhotsk,59.3833,143.3,-0.83,69,100,12.15,RU,2022-02-06 19:04:58,overcast clouds
651,Amga,60.8953,131.9608,-25.11,100,100,1.19,RU,2022-02-06 19:04:59,overcast clouds
652,Turayf,31.6725,38.6637,46.42,68,3,8.37,SA,2022-02-06 19:04:59,clear sky
653,Benoni,-26.1885,28.3208,67.59,83,7,5.88,ZA,2022-02-06 19:04:59,clear sky
654,Xinmin,41.9908,122.8253,7.05,63,0,6.31,CN,2022-02-06 19:05:00,clear sky
655,Killybegs,54.6333,-8.45,44.31,71,97,19.8,IE,2022-02-06 19:05:00,overcast clouds
656,Williston,48.147,-103.618,45.01,73,98,1.99,US,2022-02-06 19:05:00,overcast clouds
657,Voh,-20.9667,164.7,76.98,92,100,4.83,NC,2022-02-06 19:05:00,overcast clouds
658,Fuyu,45.1833,124.8167,-5.4,100,46,3.29,CN,2022-02-06 19:05:01,scattered clouds
659,Khani,41.9563,42.9566,24.37,97,100,1.9,GE,2022-02-06 19:05:01,snow
660,Baillif,16.0202,-61.7463,81.9,68,1,11.32,GP,2022-02-06 19:05:01,clear sky
661,Tarragona,41.129,1.249,53.26,55,0,1.99,ES,2022-02-06 19:05:02,clear sky
662,Chipinge,-20.1883,32.6236,64.02,91,91,2.53,ZW,2022-02-06 19:05:02,light rain
663,Ketchikan,55.3422,-131.6461,45.07,100,100,19.57,US,2022-02-06 19:05:02,light rain
664,Dufftown,57.4333,-3.1333,36.93,72,15,15.61,GB,2022-02-06 19:05:03,few clouds
665,Launceston,-41.45,147.1667,56.84,76,100,5.75,AU,2022-02-06 19:01:06,overcast clouds
666,Prague,50.088,14.4208,44.85,77,40,25.99,CZ,2022-02-06 19:05:03,scattered clouds
667,Vetlanda,57.4289,15.0776,33.67,94,100,6.31,SE,2022-02-06 19:05:04,overcast clouds
668,Redmond,47.674,-122.1215,49.87,89,8,2.71,US,2022-02-06 19:02:50,clear sky
669,Majene,-3.5403,118.9707,77.97,89,100,5.44,ID,2022-02-06 19:05:04,moderate rain
670,Impfondo,1.6381,18.0667,78.26,27,32,0.83,CG,2022-02-06 19:02:14,scattered clouds
671,Kieta,-6.2167,155.6333,79.36,83,100,7.56,PG,2022-02-06 19:05:04,overcast clouds
672,Hanzhong,33.0728,107.0303,32.11,81,100,0.81,CN,2022-02-06 19:05:05,light snow
673,Shar,49.5886,81.0453,-0.56,77,0,3.15,KZ,2022-02-06 19:00:23,clear sky
674,Santa Paula,34.3542,-119.0593,80.51,15,0,5.01,US,2022-02-06 19:05:05,clear sky
675,Adrar,20.5022,-10.0711,73.11,8,0,9.17,MR,2022-02-06 19:02:18,clear sky
676,Dagua,3.6569,-76.6886,73.83,92,97,4.63,CO,2022-02-06 19:05:06,overcast clouds
677,Nanortalik,60.1432,-45.2371,15.22,67,100,20.65,GL,2022-02-06 19:03:54,overcast clouds
678,Nuuk,64.1835,-51.7216,5.61,78,75,21.85,GL,2022-02-06 19:06:06,broken clouds
679,Uvat,59.1433,68.8953,11.61,93,100,6.53,RU,2022-02-06 19:06:06,overcast clouds
680,Karatau,43.1667,70.4667,35.13,79,84,27.27,KZ,2022-02-06 19:03:56,light snow
681,Aktash,50.3,87.7333,-14.44,64,0,5.77,RU,2022-02-06 19:02:51,clear sky
682,Ferkessedougou,9.6,-5.2,83.3,13,3,3.94,CI,2022-02-06 19:06:07,clear sky
683,Anahuac,27.2333,-100.15,58.5,27,0,5.86,MX,2022-02-06 19:06:07,clear sky
684,Tiarei,-17.5333,-149.3333,86.02,76,52,21.85,PF,2022-02-06 19:06:07,light rain
685,Oranjestad,12.524,-70.027,85.95,58,40,17.27,AW,2022-02-06 19:06:08,scattered clouds
686,Berlevag,70.8578,29.0864,21.09,85,41,18.01,NO,2022-02-06 19:03:10,scattered clouds
687,Gayeri,12.6497,0.4931,80.01,12,0,8.66,BF,2022-02-06 19:06:08,clear sky
688,Codajas,-3.8367,-62.0569,80.94,90,100,2.3,BR,2022-02-06 19:06:09,overcast clouds
689,Tessalit,20.1986,1.0114,70.7,10,0,6.76,ML,2022-02-06 19:04:04,clear sky
690,Merauke,-8.4667,140.3333,80.06,84,100,8.32,ID,2022-02-06 19:06:09,overcast clouds
691,Erenhot,43.6475,111.9767,2.64,86,6,6.33,CN,2022-02-06 19:06:09,clear sky
692,San Matias,-16.3667,-58.4,83.5,74,100,7.63,BO,2022-02-06 19:06:10,overcast clouds
693,Pultusk,52.7025,21.0828,42.06,85,100,20.49,PL,2022-02-06 19:06:10,light rain
694,Llanes,43.4198,-4.7549,51.89,70,71,8.63,ES,2022-02-06 19:06:10,broken clouds
695,Pangai,-19.8,-174.35,79.16,79,100,23.96,TO,2022-02-06 19:06:11,light rain
696,Mwinilunga,-11.7358,24.4293,62.76,97,98,3.47,ZM,2022-02-06 19:06:11,light rain
